mu,z,chiA,chiB,chiC,num,term
"10 6 4 4",1920,-1,2,2,-4,-1/480
"10 6 4 2 2",1920,1,-2,-2,4,1/480
"10 6 4 1 1 1 1",5760,-3,-6,2,36,1/160
"10 6 2 2 2 2",23040,3,-2,-2,12,1/1920
"10 6 2 2 2 1 1",5760,3,-4,4,-48,-1/120
"10 6 2 2 1 1 1 1",11520,-1,-6,2,12,1/960
"10 6 1 1 1 1 1 1 1 1",2419200,-21,-90,-42,-79380,-21/640
"10 4 4 3 3",5760,1,-2,-2,4,1/1440
"10 4 4 3 1 1 1",5760,1,4,-2,-8,-1/720
"10 4 4 2 2 2",15360,2,2,2,8,1/1920
"10 4 4 2 2 1 1",5120,-2,2,-2,8,1/640
"10 4 4 2 1 1 1 1",15360,-2,-6,2,24,1/640
"10 4 4 1 1 1 1 1 1",230400,10,10,-2,-200,-1/1152
"10 4 3 3 2 2",5760,-1,-2,-2,-4,-1/1440
"10 4 3 3 1 1 1 1",17280,3,2,-6,-36,-1/480
"10 4 3 2 2 1 1 1",5760,-1,4,-2,8,1/720
"10 4 3 1 1 1 1 1 1 1",604800,-21,20,6,-2520,-1/240
"10 4 2 2 2 2 2",153600,-20,10,10,-2000,-5/384
"10 4 2 2 2 2 1 1",30720,4,-6,6,-144,-3/640
"10 4 2 2 1 1 1 1 1 1",230400,8,10,-2,-160,-1/1440
"10 4 2 1 1 1 1 1 1 1 1",3225600,-28,90,42,-105840,-21/640
"10 4 1 1 1 1 1 1 1 1 1 1",145152000,252,650,198,32432400,143/640
"10 3 3 3 1 1 1 1 1",194400,6,-10,-12,720,1/270
"10 3 3 2 2 2 2",69120,-3,-6,-6,-108,-1/640
"10 3 3 2 2 1 1 1 1",34560,1,-2,6,-12,-1/2880
"10 3 3 2 1 1 1 1 1 1",259200,9,-20,-12,2160,1/120
"10 3 3 1 1 1 1 1 1 1 1",7257600,21,50,-30,-31500,-5/1152
"10 3 2 2 2 2 1 1 1",69120,-3,12,-6,216,1/320
"10 3 2 2 1 1 1 1 1 1 1",1209600,49,-20,-6,5880,7/1440
"10 3 2 1 1 1 1 1 1 1 1 1",21772800,189,160,6,181440,1/120
"10 3 1 1 1 1 1 1 1 1 1 1 1",1197504000,693,1100,330,251559000,121/576
"10 2 2 2 2 2 2 2",6451200,-210,70,70,-1029000,-245/1536
"10 2 2 2 2 2 2 1 1",921600,-30,-10,10,3000,5/1536
"10 2 2 2 2 2 1 1 1 1",921600,-70,30,-10,21000,35/1536
"10 2 2 2 2 1 1 1 1 1 1",2764800,-66,30,-6,11880,11/2560
"10 2 2 2 1 1 1 1 1 1 1 1",19353600,-42,-90,-42,-158760,-21/2560
"10 2 2 1 1 1 1 1 1 1 1 1 1",290304000,-182,-650,-198,-23423400,-1859/23040
"10 2 1 1 1 1 1 1 1 1 1 1 1 1",9580032000,-4158,-6050,-858,-21583762200,-17303/7680
"10 1 1 1 1 1 1 1 1 1 1 1 1 1 1",871782912000,-42042,-50050,-6006,-12637837812600,-1002001/69120
"9 8 5 2",720,1,-1,-1,1,1/720
"9 8 5 1 1",720,-1,1,-1,1,1/720
"9 8 4 3",864,-1,2,1,-2,-1/432
"9 8 4 1 1 1",1728,-1,2,-2,4,1/432
"9 8 3 1 1 1 1",5184,3,-4,-1,12,1/432
"9 8 2 1 1 1 1 1",17280,1,-6,4,-24,-1/720
"9 8 1 1 1 1 1 1 1",362880,-21,56,14,-16464,-49/1080
"9 5 5 3 2",2700,2,-1,2,-4,-1/675
"9 5 5 3 1 1",2700,-2,1,-2,4,1/675
"9 5 5 2 2 1",3600,-2,-1,2,4,1/900
"9 5 5 2 1 1 1",5400,-4,-1,2,8,1/675
"9 5 5 1 1 1 1 1",54000,-2,-5,-14,-140,-7/2700
"9 5 4 4 2",2880,1,-3,-3,9,1/320
"9 5 4 4 1 1",2880,-1,-1,1,1,1/2880
"9 5 4 3 1 1 1",3240,-3,-1,2,6,1/540
"9 5 4 2 2 2",8640,3,-1,-1,3,1/2880
"9 5 4 2 2 1 1",2880,1,-3,-1,3,1/960
"9 5 4 2 1 1 1 1",8640,-5,-1,3,15,1/576
"9 5 4 1 1 1 1 1 1",129600,-15,-19,-13,-3705,-247/8640
"9 5 3 2 2 2 1",6480,-3,-1,2,6,1/1080
"9 5 3 2 1 1 1 1 1",32400,-3,-1,2,6,1/5400
"9 5 3 1 1 1 1 1 1 1",680400,-27,-49,48,63504,7/75
"9 5 2 2 2 2 2",172800,21,5,5,525,7/2304
"9 5 2 2 2 2 1 1",34560,3,-1,-7,21,7/11520
"9 5 2 2 2 1 1 1 1",51840,-3,5,-7,105,7/3456
"9 5 2 2 1 1 1 1 1 1",259200,3,-1,-3,9,1/28800
"9 5 2 1 1 1 1 1 1 1 1",3628800,21,-91,77,-147147,-7007/172800
"9 5 1 1 1 1 1 1 1 1 1 1",163296000,243,-385,-159,14875245,583/6400
"9 4 4 4 3",10368,-3,6,3,-54,-1/192
"9 4 4 4 1 1 1",20736,-3,6,-6,108,1/192
"9 4 4 3 1 1 1 1",20736,-3,4,1,-12,-1/1728
"9 4 4 2 1 1 1 1 1",69120,-9,-18,12,1944,9/320
"9 4 4 1 1 1 1 1 1 1",1451520,-51,-56,-14,-39984,-119/4320
"9 4 3 2 2 2 2",41472,9,-6,-5,270,5/768
"9 4 3 2 2 2 1 1",10368,3,-2,1,-6,-1/1728
"9 4 3 2 2 1 1 1 1",20736,-3,6,-5,90,5/1152
"9 4 3 2 1 1 1 1 1 1",155520,-9,-6,-15,-810,-1/192
"9 4 3 1 1 1 1 1 1 1 1",4354560,-63,-126,27,214326,63/1280
"9 4 2 2 2 2 1 1 1",82944,9,-6,10,-540,-5/768
"9 4 2 2 2 1 1 1 1 1",207360,3,4,4,48,1/4320
"9 4 2 2 1 1 1 1 1 1 1",1451520,21,42,-26,-22932,-91/5760
"9 4 2 1 1 1 1 1 1 1 1 1",26127360,135,84,168,1905120,7/96
"9 4 1 1 1 1 1 1 1 1 1 1 1",1437004800,945,1386,1122,1469561940,1309/1280
"9 3 2 2 2 2 2 2",1244160,45,-4,-15,2700,5/2304
"9 3 2 2 2 2 2 1 1",207360,15,4,-5,-300,-5/3456
"9 3 2 2 2 1 1 1 1 1 1",933120,27,24,27,17496,3/160
"9 3 2 2 1 1 1 1 1 1 1 1",8709120,117,84,-15,-147420,-13/768
"9 3 2 1 1 1 1 1 1 1 1 1 1",195955200,567,924,27,14145516,231/3200
"9 3 1 1 1 1 1 1 1 1 1 1 1 1",12933043200,2673,6776,2673,48414038904,11979/3200
"9 2 2 2 2 2 2 1 1 1",2488320,45,-4,30,-5400,-5/2304
"9 2 2 2 2 2 1 1 1 1 1",4147200,51,10,-20,-10200,-17/6912
"9 2 2 2 2 1 1 1 1 1 1 1",17418240,153,84,18,231336,17/1280
"9 2 2 2 1 1 1 1 1 1 1 1 1",156764160,567,210,-72,-8573040,-7/128
"9 2 2 1 1 1 1 1 1 1 1 1 1 1",2874009600,2133,924,-858,-1691025336,-11297/19200
"9 2 1 1 1 1 1 1 1 1 1 1 1 1 1",112086374400,7371,-6006,-5148,227903123448,13013/6400
"9 1 1 1 1 1 1 1 1 1 1 1 1 1 1 1",11769069312000,22113,-140140,-54054,167508795734280,91091/6400
"8 8 6 2",1536,-2,2,2,-8,-1/192
"8 8 6 1 1",1536,2,-2,2,-8,-1/192
"8 8 4 4",4096,4,-4,-4,64,1/64
"8 8 4 3 1",1536,-2,2,-2,8,1/192
"8 8 4 1 1 1 1",12288,-8,8,-8,512,1/24
"8 8 3 3 2",4608,2,-2,2,-8,-1/576
"8 8 3 3 1 1",4608,-2,2,2,-8,-1/576
"8 8 3 2 2 1",3072,2,-2,-2,8,1/384
"8 8 3 2 1 1 1",4608,2,-2,2,-8,-1/576
"8 8 3 1 1 1 1 1",46080,10,-10,-10,1000,25/1152
"8 8 2 2 2 2",49152,4,-4,-4,64,1/768
"8 8 2 2 2 1 1",12288,-4,4,-4,64,1/192
"8 8 2 2 1 1 1 1",24576,-4,4,4,-64,-1/384
"8 8 2 1 1 1 1 1 1",184320,20,-20,20,-8000,-25/576
"8 8 1 1 1 1 1 1 1 1",5160960,-140,140,140,-2744000,-1225/2304
"8 7 6 1 1 1",2016,3,-1,2,-6,-1/336
"8 7 5 3 1",840,1,-1,1,-1,-1/840
"8 7 5 2 2",2240,2,-1,-1,2,1/1120
"8 7 5 2 1 1",1120,-2,1,-1,2,1/560
"8 7 5 1 1 1 1",6720,-2,-1,7,14,1/480
"8 7 4 2 2 1",1792,2,-2,2,-8,-1/224
"8 7 4 1 1 1 1 1",26880,-10,6,-2,120,1/224
"8 7 3 3 2 1",2016,1,1,2,2,1/1008
"8 7 3 2 2 2",8064,-3,2,2,-12,-1/672
"8 7 3 2 1 1 1 1",8064,1,-2,2,-4,-1/2016
"8 7 3 1 1 1 1 1 1",120960,21,-6,-24,3024,1/40
"8 7 2 2 2 2 1",21504,-4,4,6,-96,-1/224
"8 7 2 2 1 1 1 1 1",53760,-8,4,-6,192,1/280
"8 7 2 1 1 1 1 1 1 1",564480,28,-14,-16,6272,1/90
"8 7 1 1 1 1 1 1 1 1 1",20321280,-252,84,222,-4699296,-37/160
"8 6 6 2 2",4608,-1,4,4,-16,-1/288
"8 6 6 1 1 1 1",13824,3,4,4,48,1/288
"8 6 4 4 1 1",3072,2,-4,4,-32,-1/96
"8 6 4 3 2 1",1152,-1,2,-2,4,1/288
"8 6 4 2 1 1 1 1",9216,2,8,-8,-128,-1/72
"8 6 3 2 2 2 1",6912,3,-2,-2,12,1/576
"8 6 3 2 1 1 1 1 1",34560,-1,10,-6,60,1/576
"8 6 3 1 1 1 1 1 1 1",725760,21,20,-36,-15120,-1/48
"8 6 2 2 2 2 2",184320,14,-20,-20,5600,35/1152
"8 6 2 2 2 1 1 1 1",55296,6,4,4,96,1/576
"8 6 2 1 1 1 1 1 1 1 1",3870720,62,-20,-84,104160,31/1152
"8 6 1 1 1 1 1 1 1 1 1 1",174182400,234,-400,-432,40435200,13/56
"8 5 4 4 3",3840,-2,2,4,-16,-1/240
"8 5 4 4 1 1 1",7680,4,-4,4,-64,-1/120
"8 5 4 3 2 2",3840,-4,2,-2,16,1/240
"8 5 4 2 2 1 1 1",7680,8,-4,4,-128,-1/60
"8 5 3 3 3 2",12960,1,2,-1,-2,-1/6480
"8 5 3 3 3 1 1",12960,-1,-2,-1,-2,-1/6480
"8 5 3 3 2 1 1 1",8640,-2,2,-4,16,1/540
"8 5 3 3 1 1 1 1 1",86400,-4,10,8,-320,-1/270
"8 5 3 2 2 2 2",46080,-10,6,8,-480,-1/96
"8 5 3 2 1 1 1 1 1 1",172800,-14,20,2,-560,-7/2160
"8 5 3 1 1 1 1 1 1 1 1",4838400,-34,-50,8,13600,17/6048
"8 5 2 2 2 2 1 1 1",92160,20,-12,-4,960,1/96
"8 5 2 2 1 1 1 1 1 1 1",1612800,-12,20,-36,8640,3/560
"8 5 2 1 1 1 1 1 1 1 1 1",29030400,208,-160,-64,2129920,208/2835
"8 5 1 1 1 1 1 1 1 1 1 1 1",1596672000,2420,-1100,-1540,4099480000,6655/2592
"8 4 4 4 4",49152,16,-24,-24,9216,3/16
"8 4 4 3 3 2",9216,2,-4,4,-32,-1/288
"8 4 4 3 2 1 1 1",9216,2,-4,4,-32,-1/288
"8 4 4 3 1 1 1 1 1",92160,-2,-8,24,384,1/240
"8 4 4 2 2 2 1 1",24576,-4,8,-8,256,1/96
"8 4 4 2 1 1 1 1 1 1",368640,20,-40,40,-32000,-25/288
"8 4 4 1 1 1 1 1 1 1 1",10321920,-56,-224,-96,-1204224,-7/60
"8 4 3 3 3 3",62208,-1,8,-8,64,1/972
"8 4 3 3 3 1 1 1",31104,-1,-10,-2,-20,-5/7776
"8 4 3 3 1 1 1 1 1 1",414720,-10,8,40,-3200,-5/648
"8 4 3 2 2 2 2 1",36864,2,-4,4,-32,-1/1152
"8 4 3 2 2 1 1 1 1 1",92160,-14,12,-12,2016,7/320
"8 4 3 1 1 1 1 1 1 1 1 1",34836480,-190,-532,-44,-4447520,-3971/31104
"8 4 2 2 2 2 1 1 1 1",294912,32,-16,16,-8192,-1/36
"8 4 2 2 1 1 1 1 1 1 1 1",10321920,-152,96,-96,1400832,19/140
"8 4 1 1 1 1 1 1 1 1 1 1 1 1",15328051200,4400,2960,880,11461120000,10175/13608
"8 3 3 3 3 2 2",124416,-1,12,-4,48,1/2592
"8 3 3 3 3 1 1 1 1",373248,3,-4,-4,48,1/7776
"8 3 3 3 2 2 1 1 1",62208,-1,-6,-10,-60,-5/5184
"8 3 3 3 2 1 1 1 1 1",311040,1,12,4,48,1/6480
"8 3 3 3 1 1 1 1 1 1 1",6531840,-21,38,74,-59052,-703/77760
"8 3 3 2 2 2 2 1 1",110592,-10,4,12,-480,-5/1152
"8 3 3 2 2 1 1 1 1 1 1",829440,-10,12,20,-2400,-5/1728
"8 3 3 2 1 1 1 1 1 1 1 1",11612160,-62,-48,16,47616,31/7560
"8 3 3 1 1 1 1 1 1 1 1 1 1",522547200,-234,-1180,-532,-146895840,-14573/51840
"8 3 2 2 2 2 2 2 1",1105920,6,-20,-20,2400,5/2304
"8 3 2 2 2 2 1 1 1 1 1",1105920,-10,-44,-12,-5280,-11/2304
"8 3 2 2 2 1 1 1 1 1 1 1",5806080,18,-40,72,-51840,-1/112
"8 3 2 2 1 1 1 1 1 1 1 1 1",69672960,134,12,140,225120,67/20736
"8 3 2 1 1 1 1 1 1 1 1 1 1 1",1916006400,946,1440,352,479508480,473/1890
"8 3 1 1 1 1 1 1 1 1 1 1 1 1 1",149448499200,6006,22100,10868,1442537896800,600457/62208
"8 2 2 2 2 2 2 2 2",82575360,-448,280,280,-35123200,-245/576
"8 2 2 2 2 2 2 1 1 1 1",8847360,-72,40,40,-115200,-5/384
"8 2 2 2 2 1 1 1 1 1 1 1 1",123863040,80,88,216,1520640,11/896
"8 2 2 2 1 1 1 1 1 1 1 1 1 1",1393459200,1932,800,864,1335398400,23/24
"8 2 2 1 1 1 1 1 1 1 1 1 1 1 1",30656102400,11528,8040,2024,187594682880,2220581/362880
"8 2 1 1 1 1 1 1 1 1 1 1 1 1 1 1",1394852659200,68068,43680,4576,13605410058240,31603/3240
"8 1 1 1 1 1 1 1 1 1 1 1 1 1 1 1 1",167382319104000,480480,18200,-131560,-1150457468160000,-213785/31104
"7 6 6 2 2 1",4032,-2,2,-2,8,1/504
"7 6 6 1 1 1 1 1",60480,6,10,-18,-1080,-1/56
"7 6 5 4 2",1680,1,1,4,4,1/420
"7 6 5 4 1 1",1680,-1,1,-2,2,1/840
"7 6 5 2 2 2",10080,-5,-3,-4,-60,-1/168
"7 6 5 2 2 1 1",3360,-3,1,-2,6,1/560
"7 6 5 1 1 1 1 1 1",151200,5,9,18,810,3/560
"7 6 4 4 3",4032,2,-3,-5,30,5/672
"7 6 4 4 2 1",2688,-1,-1,-2,-2,-1/1344
"7 6 4 4 1 1 1",8064,-1,-3,4,12,1/672
"7 6 4 3 2 1 1",2016,-2,-1,-3,-6,-1/336
"7 6 4 2 2 2 1",8064,-3,-1,-2,-6,-1/1344
"7 6 4 2 1 1 1 1 1",40320,1,11,-6,-66,-11/6720
"7 6 4 1 1 1 1 1 1 1",846720,9,21,68,12852,17/1120
"7 6 3 2 2 2 2",48384,-6,1,3,-18,-1/2688
"7 6 3 2 2 1 1 1 1",24192,2,-3,-1,6,1/4032
"7 6 3 1 1 1 1 1 1 1 1",5080320,42,105,-5,-22050,-5/1152
"7 6 2 2 2 2 2 1",161280,-5,11,10,-550,-55/16128
"7 6 2 2 2 1 1 1 1 1",241920,15,7,6,630,1/384
"7 6 2 2 1 1 1 1 1 1 1",1693440,47,21,68,67116,799/20160
"7 6 2 1 1 1 1 1 1 1 1 1",30481920,243,147,-110,-3929310,-33/256
"7 6 1 1 1 1 1 1 1 1 1 1 1",1676505600,1035,-231,88,-21039480,-253/20160
"7 5 5 4 3",4200,2,1,-3,-6,-1/700
"7 5 5 4 1 1 1",8400,2,1,-6,-12,-1/700
"7 5 5 3 2 2",8400,6,-1,-1,6,1/1400
"7 5 5 3 2 1 1",4200,2,1,1,2,1/2100
"7 5 5 3 1 1 1 1",25200,6,-1,-9,54,3/1400
"7 5 5 2 2 2 1",16800,6,-1,4,-24,-1/700
"7 5 5 2 2 1 1 1",16800,-6,-1,2,12,1/1400
"7 5 5 2 1 1 1 1 1",84000,14,-5,-8,560,1/150
"7 5 5 1 1 1 1 1 1 1",1764000,66,35,-18,-41580,-33/1400
"7 5 4 4 4",13440,-4,3,9,-108,-9/1120
"7 5 4 4 3 1",3360,3,1,-1,-3,-1/1120
"7 5 4 4 2 2",8960,2,1,1,2,1/4480
"7 5 4 4 2 1 1",4480,-2,3,-3,18,9/2240
"7 5 4 4 1 1 1 1",26880,6,1,-7,-42,-1/640
"7 5 4 3 3 1 1",5040,1,1,2,2,1/2520
"7 5 4 3 2 2 1",3360,-1,1,-1,1,1/3360
"7 5 4 3 2 1 1 1",5040,-1,1,-3,3,1/1680
"7 5 4 3 1 1 1 1 1",50400,7,1,-13,-91,-13/7200
"7 5 4 2 2 2 2",53760,-8,-5,-11,-440,-11/1344
"7 5 4 2 2 2 1 1",13440,-4,1,1,-4,-1/3360
"7 5 4 2 2 1 1 1 1",26880,-4,-5,5,100,5/1344
"7 5 4 2 1 1 1 1 1 1",201600,8,1,-15,-120,-1/1680
"7 5 4 1 1 1 1 1 1 1 1",5644800,112,91,-91,-927472,-1183/7200
"7 5 3 3 2 2 1 1",10080,3,1,2,6,1/1680
"7 5 3 3 2 1 1 1 1",30240,-3,-3,-12,-108,-1/280
"7 5 3 3 1 1 1 1 1 1",453600,-5,9,-10,450,1/1008
"7 5 3 2 2 2 2 1",40320,-9,-3,3,81,9/4480
"7 5 3 2 2 2 1 1 1",30240,-1,-3,9,27,1/1120
"7 5 3 2 2 1 1 1 1 1",100800,-9,-11,-1,-99,-11/11200
"7 5 3 2 1 1 1 1 1 1 1",1058400,-33,21,21,-14553,-11/800
"7 5 3 1 1 1 1 1 1 1 1 1",38102400,-89,189,11,-185031,-979/201600
"7 5 2 2 2 2 2 2",1612800,70,-15,-19,19950,19/1536
"7 5 2 2 2 2 2 1 1",268800,-30,-5,1,150,1/1792
"7 5 2 2 2 2 1 1 1 1",322560,-6,-15,21,1890,3/512
"7 5 2 2 2 1 1 1 1 1 1",1209600,-34,-21,9,6426,17/3200
"7 5 2 2 1 1 1 1 1 1 1 1",11289600,-66,49,77,-249018,-847/38400
"7 5 2 1 1 1 1 1 1 1 1 1 1",254016000,234,315,-63,-4643730,-117/6400
"7 5 1 1 1 1 1 1 1 1 1 1 1 1",16765056000,6226,945,-3883,-22845902310,-1098889/806400
"7 4 4 4 1 1 1 1 1",322560,6,18,-36,-3888,-27/2240
"7 4 4 3 3 3",36288,-2,-3,9,54,1/672
"7 4 4 3 3 2 1",8064,1,3,4,12,1/672
"7 4 4 3 3 1 1 1",24192,1,-3,6,-18,-1/1344
"7 4 4 3 2 2 2",32256,5,6,4,120,5/1344
"7 4 4 3 2 2 1 1",10752,1,2,2,4,1/2688
"7 4 4 3 2 1 1 1 1",32256,1,-6,4,-24,-1/1344
"7 4 4 3 1 1 1 1 1 1",483840,13,6,-6,-468,-13/13440
"7 4 4 2 2 2 2 1",86016,-4,-4,-8,-128,-1/672
"7 4 4 2 2 2 1 1 1",64512,-16,6,-14,1344,1/48
"7 4 4 2 2 1 1 1 1 1",215040,-8,-4,-4,-128,-1/1680
"7 4 4 2 1 1 1 1 1 1 1",2257920,28,-42,22,-25872,-11/960
"7 4 4 1 1 1 1 1 1 1 1 1",81285120,196,-84,-432,7112448,7/80
"7 4 3 3 3 2 1 1",18144,2,3,3,18,1/1008
"7 4 3 3 2 2 2 1",24192,3,3,-4,-36,-1/672
"7 4 3 3 2 2 1 1 1",24192,3,9,2,54,1/448
"7 4 3 3 1 1 1 1 1 1 1",2540160,-9,21,62,-11718,-31/6720
"7 4 3 2 2 2 2 2",322560,15,4,-6,-360,-1/896
"7 4 3 2 2 1 1 1 1 1 1",483840,-21,-24,-16,-8064,-1/60
"7 4 3 2 1 1 1 1 1 1 1 1",6773760,-121,-84,42,426888,121/1920
"7 4 3 1 1 1 1 1 1 1 1 1 1",304819200,-513,-924,-448,-212357376,-209/300
"7 4 2 2 2 2 2 2 1",1290240,30,14,-20,-8400,-5/768
"7 4 2 2 2 2 2 1 1 1",645120,30,4,-18,-2160,-3/896
"7 4 2 2 2 2 1 1 1 1 1",1290240,82,-10,24,-19680,-41/2688
"7 4 2 2 2 1 1 1 1 1 1 1",6773760,66,-84,26,-144144,-143/6720
"7 4 2 2 1 1 1 1 1 1 1 1 1",81285120,-234,-210,20,982800,65/5376
"7 4 2 1 1 1 1 1 1 1 1 1 1 1",2235340800,-682,-924,-330,-207955440,-3751/40320
"7 4 1 1 1 1 1 1 1 1 1 1 1 1 1",174356582400,7722,6006,-4576,-212227247232,-20449/16800
"7 3 3 3 3 2 2 1",108864,-2,-6,2,24,1/4536
"7 3 3 3 3 1 1 1 1 1",1632960,6,-30,2,-360,-1/4536
"7 3 3 3 2 2 2 2",435456,6,-15,1,-90,-5/24192
"7 3 3 3 2 2 1 1 1 1",217728,-2,21,-19,798,19/5184
"7 3 3 3 1 1 1 1 1 1 1 1",45722880,-42,105,281,-1239210,-281/10368
"7 3 3 2 2 2 2 2 1",483840,5,-9,8,-360,-1/1344
"7 3 3 2 2 2 2 1 1 1",290304,-3,9,10,-270,-5/5376
"7 3 3 2 2 2 1 1 1 1 1",725760,-15,27,-20,8100,5/448
"7 3 3 2 2 1 1 1 1 1 1 1",5080320,-47,21,-58,57246,1363/120960
"7 3 3 2 1 1 1 1 1 1 1 1 1",91445760,-243,-273,128,8491392,13/140
"7 3 3 1 1 1 1 1 1 1 1 1 1 1",5029516800,-1035,-4431,-1870,-8575978950,-82501/48384
"7 3 2 2 2 2 2 2 2",13547520,105,-14,-84,123480,7/768
"7 3 2 2 2 2 2 2 1 1",1935360,45,-26,-6,7020,13/3584
"7 3 2 2 2 2 2 1 1 1 1",1935360,5,6,-4,-120,-1/16128
"7 3 2 2 2 2 1 1 1 1 1 1",5806080,-39,42,-62,101556,403/23040
"7 3 2 2 2 1 1 1 1 1 1 1 1",40642560,-111,42,-116,540792,1073/80640
"7 3 2 2 1 1 1 1 1 1 1 1 1 1",609638400,-299,-546,74,12080796,143819/7257600
"7 3 2 1 1 1 1 1 1 1 1 1 1 1 1",20118067200,-243,-3234,-484,-380357208,-121/6400
"7 3 1 1 1 1 1 1 1 1 1 1 1 1 1 1",1830744115200,4641,26754,20306,2521300866084,1427881/1036800
"7 2 2 2 2 2 2 2 2 1",72253440,280,56,-140,-2195200,-35/1152
"7 2 2 2 2 2 2 2 1 1 1",27095040,420,-14,-42,246960,7/768
"7 2 2 2 2 2 2 1 1 1 1 1",38707200,420,40,-24,-403200,-1/96
"7 2 2 2 2 2 1 1 1 1 1 1 1",135475200,320,210,-214,-14380800,-107/1008
"7 2 2 2 2 1 1 1 1 1 1 1 1 1",975421440,384,840,-404,-130314240,-101/756
"7 2 2 2 1 1 1 1 1 1 1 1 1 1 1",13412044800,3276,3234,814,8623991376,37037/57600
"7 2 2 1 1 1 1 1 1 1 1 1 1 1 1 1",348713164800,25324,24024,9152,5567928317952,905333/56700
"7 2 1 1 1 1 1 1 1 1 1 1 1 1 1 1 1",18307441152000,176904,210210,82082,3052382500046880,533533/3200
"7 1 1 1 1 1 1 1 1 1 1 1 1 1 1 1 1 1",2489811996672000,1373736,1299480,223652,399250680855586560,41563691/259200
"6 6 5 5 2",7200,2,2,-2,-8,-1/900
"6 6 5 5 1 1",7200,-2,-2,6,24,1/300
"6 6 5 4 1 1 1",8640,-3,4,-4,48,1/180
"6 6 5 2 2 1 1 1",17280,-3,4,-8,96,1/180
"6 6 5 2 1 1 1 1 1",86400,-3,-8,8,192,1/450
"6 6 5 1 1 1 1 1 1 1",1814400,-27,28,16,-12096,-1/150
"6 6 4 4 4",27648,-3,12,12,-432,-1/64
"6 6 4 4 2 2",18432,1,-8,-8,64,1/288
"6 6 4 4 2 1 1",9216,3,-4,4,-48,-1/192
"6 6 4 4 1 1 1 1",55296,-3,-8,8,192,1/288
"6 6 4 2 2 2 2",110592,9,12,12,1296,3/256
"6 6 4 2 2 1 1 1 1",55296,-3,-4,-4,-48,-1/1152
"6 6 4 1 1 1 1 1 1 1 1",11612160,-63,44,236,-654192,-649/11520
"6 6 2 2 2 2 2 2",3317760,45,-72,-72,233280,9/128
"6 6 2 2 2 2 2 1 1",552960,15,12,-12,-2160,-1/256
"6 6 2 2 2 2 1 1 1 1",663552,9,24,-24,-5184,-1/128
"6 6 2 2 2 1 1 1 1 1 1",2488320,27,60,-60,-97200,-5/128
"6 6 2 2 1 1 1 1 1 1 1 1",23224320,117,184,152,3272256,5681/40320
"6 6 2 1 1 1 1 1 1 1 1 1 1",522547200,567,1132,468,300382992,3679/6400
"6 6 1 1 1 1 1 1 1 1 1 1 1 1",34488115200,2673,3608,2376,22914581184,14883/22400
"6 5 5 4 4",9600,-1,-2,-8,-16,-1/600
"6 5 5 4 2 2",9600,1,2,4,8,1/1200
"6 5 5 2 2 2 2",115200,-13,2,4,-104,-13/14400
"6 5 5 2 2 2 1 1",28800,-5,4,6,-120,-1/240
"6 5 5 1 1 1 1 1 1 1 1",12096000,-133,90,12,-143640,-19/1600
"6 5 4 4 3 2",5760,-1,-2,-1,-2,-1/2880
"6 5 4 4 3 1 1",5760,1,2,-1,-2,-1/2880
"6 5 4 4 2 1 1 1",11520,2,4,2,16,1/720
"6 5 4 4 1 1 1 1 1",115200,4,8,2,64,1/1800
"6 5 4 3 3 2 1",4320,-1,-2,-2,-4,-1/1080
"6 5 4 3 3 1 1 1",12960,3,2,2,12,1/1080
"6 5 4 3 2 2 2",17280,-3,-2,-1,-6,-1/2880
"6 5 4 3 2 2 1 1",5760,-1,-2,-1,-2,-1/2880
"6 5 4 3 2 1 1 1 1",17280,5,-2,7,-70,-7/1728
"6 5 4 3 1 1 1 1 1 1",259200,15,-10,-25,3750,25/1728
"6 5 4 2 2 2 1 1 1",34560,-6,4,2,-48,-1/720
"6 5 4 2 2 1 1 1 1 1",115200,-4,-8,14,448,7/1800
"6 5 4 2 1 1 1 1 1 1 1",1209600,-34,-20,-38,-25840,-323/15120
"6 5 4 1 1 1 1 1 1 1 1 1",43545600,-288,176,110,-5575680,-121/945
"6 5 3 3 2 2 2 1",25920,3,-2,-2,12,1/2160
"6 5 3 3 2 2 1 1 1",25920,3,2,2,12,1/2160
"6 5 3 3 2 1 1 1 1 1",129600,3,-10,-10,300,1/432
"6 5 3 3 1 1 1 1 1 1 1",2721600,27,-70,-70,132300,7/144
"6 5 3 2 2 2 2 2",345600,-21,10,31,-6510,-217/11520
"6 5 3 2 2 2 2 1 1",69120,-3,-2,-1,-6,-1/11520
"6 5 3 2 2 2 1 1 1 1",103680,3,10,7,210,7/3456
"6 5 3 2 2 1 1 1 1 1 1",518400,-3,-10,-25,-750,-5/3456
"6 5 3 2 1 1 1 1 1 1 1 1",7257600,-21,-70,-49,-72030,-343/34560
"6 5 3 1 1 1 1 1 1 1 1 1 1",326592000,-243,350,623,-52986150,-623/3840
"6 5 2 2 2 2 2 1 1 1",691200,-6,-20,-2,-240,-1/2880
"6 5 2 2 2 2 1 1 1 1 1",1382400,12,-8,14,-1344,-7/7200
"6 5 2 2 2 1 1 1 1 1 1 1",7257600,30,4,-74,-8880,-37/30240
"6 5 2 2 1 1 1 1 1 1 1 1 1",87091200,144,176,110,2787840,121/3780
"6 5 2 1 1 1 1 1 1 1 1 1 1 1",2395008000,738,2300,1694,2875395600,10373/8640
"6 5 1 1 1 1 1 1 1 1 1 1 1 1 1",186810624000,4212,15080,4862,308819459520,83317/50400
"6 4 4 4 4 2",73728,-6,18,18,-1944,-27/1024
"6 4 4 4 4 1 1",73728,6,6,-6,-216,-3/1024
"6 4 4 4 3 1 1 1",41472,3,18,-12,-648,-1/64
"6 4 4 4 2 2 2",110592,6,-6,-6,216,1/512
"6 4 4 4 2 2 1 1",36864,6,-6,6,-216,-3/512
"6 4 4 4 2 1 1 1 1",110592,6,18,-6,-648,-3/512
"6 4 4 4 1 1 1 1 1 1",1658880,30,90,-66,-178200,-55/512
"6 4 4 3 3 2 1 1",13824,-3,-4,-4,-48,-1/288
"6 4 4 3 3 1 1 1 1",82944,3,24,-12,-864,-1/96
"6 4 4 3 2 2 2 1",27648,-3,4,2,-24,-1/1152
"6 4 4 3 2 2 1 1 1",27648,-1,-6,4,24,1/1152
"6 4 4 3 2 1 1 1 1 1",138240,9,8,14,1008,7/960
"6 4 4 3 1 1 1 1 1 1 1",2903040,51,102,-96,-499392,-289/1680
"6 4 4 2 2 2 2 2",737280,34,22,22,16456,2057/92160
"6 4 4 2 2 2 2 1 1",147456,6,2,-2,-24,-1/6144
"6 4 4 2 2 2 1 1 1 1",221184,-6,-2,-10,-120,-5/9216
"6 4 4 2 2 1 1 1 1 1 1",1105920,-10,-30,22,6600,55/9216
"6 4 4 2 1 1 1 1 1 1 1 1",15482880,-78,-106,-58,-479544,-19981/645120
"6 4 4 1 1 1 1 1 1 1 1 1 1",696729600,-666,18,-738,8847144,4551/358400
"6 4 3 3 2 2 2 1 1",41472,-3,-4,-4,-48,-1/864
"6 4 3 3 2 2 1 1 1 1",82944,3,-8,12,-288,-1/288
"6 4 3 3 2 1 1 1 1 1 1",622080,9,-12,28,-3024,-7/1440
"6 4 3 3 1 1 1 1 1 1 1 1",17418240,63,112,-68,-479808,-119/4320
"6 4 3 2 2 2 2 2 1",276480,-15,20,2,-600,-5/2304
"6 4 3 2 2 2 2 1 1 1",165888,-9,6,-4,216,1/768
"6 4 3 2 2 2 1 1 1 1 1",414720,-3,8,14,-336,-7/8640
"6 4 3 2 2 1 1 1 1 1 1 1",2903040,-21,-62,24,31248,31/2880
"6 4 3 2 1 1 1 1 1 1 1 1 1",52254720,-135,-372,-38,-1908360,-589/16128
"6 4 3 1 1 1 1 1 1 1 1 1 1 1",2874009600,-945,-1970,-1100,-2047815000,-4925/6912
"6 4 2 2 2 2 2 2 2",15482880,126,-42,-42,222264,147/10240
"6 4 2 2 2 2 2 2 1 1",2211840,6,30,-30,-5400,-5/2048
"6 4 2 2 2 2 2 1 1 1 1",2211840,-18,14,-58,14616,203/30720
"6 4 2 2 2 2 1 1 1 1 1 1",6635520,-18,30,-22,11880,11/6144
"6 4 2 2 2 1 1 1 1 1 1 1 1",46448640,-66,-106,-58,-405768,-16907/1935360
"6 4 2 2 1 1 1 1 1 1 1 1 1 1",696729600,-234,-818,-126,-24117912,-5317/153600
"6 4 2 1 1 1 1 1 1 1 1 1 1 1 1",22992076800,-594,-3090,22,40380120,1133/645120
"6 4 1 1 1 1 1 1 1 1 1 1 1 1 1 1",2092278988800,702,9646,-1430,-9683233560,-8957/1935360
"6 3 3 2 2 2 2 2 1 1",829440,-15,-20,20,6000,25/3456
"6 3 3 2 2 2 2 1 1 1 1",995328,-9,-8,12,864,1/1152
"6 3 3 2 2 2 1 1 1 1 1 1",3732480,-27,68,-12,22032,17/2880
"6 3 3 2 2 1 1 1 1 1 1 1 1",34836480,-117,112,-68,891072,221/8640
"6 3 3 2 1 1 1 1 1 1 1 1 1 1",783820800,-567,-420,180,42865200,7/128
"6 3 3 1 1 1 1 1 1 1 1 1 1 1 1",51732172800,-2673,-9240,-5940,-146709208800,-363/128
"6 3 2 2 2 2 2 2 1 1 1",4976640,-45,-90,60,243000,25/512
"6 3 2 2 2 2 2 1 1 1 1 1",8294400,-51,-140,86,614040,5117/69120
"6 3 2 2 2 2 1 1 1 1 1 1 1",34836480,-153,-62,24,227664,527/80640
"6 3 2 2 2 1 1 1 1 1 1 1 1 1",313528320,-567,-40,-318,-7212240,-53/2304
"6 3 2 2 1 1 1 1 1 1 1 1 1 1 1",5748019200,-2133,-1970,-1100,-4622211000,-77815/96768
"6 3 2 1 1 1 1 1 1 1 1 1 1 1 1 1",224172748800,-7371,-17940,-11154,-1474957443960,-50531/7680
"6 3 1 1 1 1 1 1 1 1 1 1 1 1 1 1 1",23538138624000,-22113,-40950,-20592,-18646619191200,-507/640
"6 2 2 2 2 2 2 2 2 2",1114767360,378,378,378,54010152,3969/81920
"6 2 2 2 2 2 2 2 2 1 1",123863040,-42,126,-126,666792,441/81920
"6 2 2 2 2 2 2 2 1 1 1 1",92897280,-126,-126,42,666792,147/20480
"6 2 2 2 2 2 2 1 1 1 1 1 1",199065600,-234,-450,330,34749000,715/4096
"6 2 2 2 2 2 1 1 1 1 1 1 1 1",928972800,-726,-710,458,236080680,1967339/7741440
"6 2 2 2 2 1 1 1 1 1 1 1 1 1 1",8360755200,-2538,-818,-126,-261586584,-19223/614400
"6 2 2 2 1 1 1 1 1 1 1 1 1 1 1 1",137952460800,-8910,-1246,-1254,-13921732440,-18601/184320
"6 2 2 1 1 1 1 1 1 1 1 1 1 1 1 1 1",4184557977600,-30186,9646,-1430,416379043080,385151/3870720
"6 2 1 1 1 1 1 1 1 1 1 1 1 1 1 1 1 1",251073478656000,-98982,286650,165594,-4698430074538200,-1532999/81920
"6 1 1 1 1 1 1 1 1 1 1 1 1 1 1 1 1 1 1",38414242234368000,-322218,3109470,1706562,-1709850893897666520,-127621533/2867200
"5 5 4 4 4 2",38400,4,-6,-6,144,3/800
"5 5 4 4 4 1 1",38400,-4,-6,6,144,3/800
"5 5 4 4 3 3",28800,1,2,-4,-8,-1/3600
"5 5 4 4 3 1 1 1",28800,-11,-4,-4,-176,-11/1800
"5 5 4 4 2 2 2",76800,14,-2,10,-280,-7/1920
"5 5 4 4 2 2 1 1",25600,2,-2,-2,8,1/3200
"5 5 4 4 2 1 1 1 1",76800,-22,6,-14,1848,77/3200
"5 5 4 4 1 1 1 1 1 1",1152000,-50,-10,86,43000,43/1152
"5 5 4 3 3 2 2",28800,-1,2,4,-8,-1/3600
"5 5 4 3 3 1 1 1 1",86400,3,-2,8,-48,-1/1800
"5 5 4 3 2 2 1 1 1",28800,-1,-4,-8,-32,-1/900
"5 5 4 3 1 1 1 1 1 1 1",3024000,51,-20,32,-32640,-17/1575
"5 5 4 2 2 2 2 2",768000,-8,-10,-2,-160,-1/4800
"5 5 4 2 2 2 2 1 1",153600,-8,6,2,-96,-1/1600
"5 5 4 2 2 2 1 1 1 1",230400,-36,6,-18,3888,27/1600
"5 5 4 2 2 1 1 1 1 1 1",1152000,44,-10,34,-14960,-187/14400
"5 5 4 2 1 1 1 1 1 1 1 1",16128000,-16,-90,14,20160,1/800
"5 5 4 1 1 1 1 1 1 1 1 1 1",725760000,-2448,-650,722,1148846400,79781/50400
"5 5 3 3 3 3 2",194400,2,2,-10,-40,-1/4860
"5 5 3 3 3 3 1 1",194400,-2,-2,-2,-8,-1/24300
"5 5 3 3 3 2 2 1",64800,-2,2,2,-8,-1/8100
"5 5 3 3 3 2 1 1 1",97200,-4,2,8,-64,-4/6075
"5 5 3 3 3 1 1 1 1 1",972000,-2,10,22,-440,-11/24300
"5 5 3 3 2 2 2 2",345600,13,6,-24,-1872,-13/2400
"5 5 3 3 2 2 1 1 1 1",172800,1,2,-4,-8,-1/21600
"5 5 3 3 2 1 1 1 1 1 1",1296000,17,20,-10,-3400,-17/6480
"5 5 3 3 1 1 1 1 1 1 1 1",36288000,133,-50,-224,1489600,133/3240
"5 5 3 2 2 1 1 1 1 1 1 1",6048000,13,20,-64,-16640,-13/4725
"5 5 3 2 1 1 1 1 1 1 1 1 1",108864000,65,-160,-496,5158400,403/8505
"5 5 3 1 1 1 1 1 1 1 1 1 1 1",5987520000,-407,-1100,880,393976000,4477/68040
"5 5 2 2 2 2 2 2 2",32256000,98,-70,-98,672280,2401/115200
"5 5 2 2 2 2 2 2 1 1",4608000,-98,10,42,-41160,-343/38400
"5 5 2 2 2 2 2 1 1 1 1",4608000,-82,-30,54,132840,369/12800
"5 5 2 2 2 2 1 1 1 1 1 1",13824000,-38,-30,114,129960,361/38400
"5 5 2 2 2 1 1 1 1 1 1 1 1",96768000,-22,90,-66,130680,121/89600
"5 5 2 2 1 1 1 1 1 1 1 1 1 1",1451520000,358,650,-502,-116815400,-584077/7257600
"5 5 2 1 1 1 1 1 1 1 1 1 1 1 1",47900160000,3542,6050,4598,98531001800,6398117/3110400
"5 5 1 1 1 1 1 1 1 1 1 1 1 1 1 1",4358914560000,-4862,50050,43186,-10509015116600,-52492583/21772800
"5 4 4 4 4 3",92160,-12,12,24,-3456,-3/80
"5 4 4 4 3 1 1 1 1",138240,-18,-12,-6,-1296,-3/320
"5 4 4 4 2 1 1 1 1 1",460800,-36,24,-36,31104,27/400
"5 4 4 4 1 1 1 1 1 1 1",9676800,-144,24,156,-539136,-39/700
"5 4 4 3 3 3 1 1",51840,-1,8,-5,40,1/1296
"5 4 4 3 3 2 1 1 1",34560,-2,6,-6,72,1/480
"5 4 4 3 3 1 1 1 1 1",345600,-4,2,-14,112,7/21600
"5 4 4 3 2 2 2 2",184320,-4,-8,-4,-128,-1/1440
"5 4 4 3 2 2 2 1 1",46080,4,2,2,16,1/2880
"5 4 4 3 2 1 1 1 1 1 1",691200,40,30,-6,-7200,-1/96
"5 4 4 3 1 1 1 1 1 1 1 1",19353600,164,176,76,2193664,8569/75600
"5 4 4 2 2 2 2 1 1 1",368640,8,16,8,1024,1/360
"5 4 4 2 2 2 1 1 1 1 1",921600,-56,8,-40,17920,7/360
"5 4 4 2 2 1 1 1 1 1 1 1",6451200,72,8,8,4608,1/1400
"5 4 4 2 1 1 1 1 1 1 1 1 1",116121600,208,-144,-24,718848,13/2100
"5 4 4 1 1 1 1 1 1 1 1 1 1 1",6386688000,-4600,-3520,616,9974272000,253/162
"5 4 3 3 3 3 1 1 1",233280,-3,8,-16,384,2/1215
"5 4 3 3 3 2 2 2",155520,3,-4,11,-132,-11/12960
"5 4 3 3 3 2 1 1 1 1",155520,-5,-4,3,60,1/2592
"5 4 3 3 3 1 1 1 1 1 1",2332800,-15,8,-13,1560,13/19440
"5 4 3 3 2 2 2 2 1",138240,8,-2,-2,32,1/4320
"5 4 3 3 2 2 2 1 1 1",103680,6,2,2,24,1/4320
"5 4 3 3 2 2 1 1 1 1 1",345600,4,-18,14,-1008,-7/2400
"5 4 3 3 2 1 1 1 1 1 1 1",3628800,34,50,42,71400,17/864
"5 4 3 3 1 1 1 1 1 1 1 1 1",130636800,288,638,-82,-15067008,-13079/113400
"5 4 3 2 2 2 2 2 2",2764800,-6,-20,14,1680,7/11520
"5 4 3 2 2 2 2 2 1 1",460800,14,10,-4,-560,-7/5760
"5 4 3 2 2 2 2 1 1 1 1",552960,14,16,-2,-448,-7/8640
"5 4 3 2 2 2 1 1 1 1 1 1",2073600,18,-10,20,-3600,-1/576
"5 4 3 2 2 1 1 1 1 1 1 1 1",19353600,34,36,62,75888,527/134400
"5 4 3 2 1 1 1 1 1 1 1 1 1 1",435456000,118,50,-612,-3610800,-1003/120960
"5 4 3 1 1 1 1 1 1 1 1 1 1 1 1",28740096000,-714,-6040,-3058,-13187808480,-356813/777600
"5 4 2 2 2 2 2 2 1 1 1",5529600,72,40,-28,-80640,-7/480
"5 4 2 2 2 2 2 1 1 1 1 1",9216000,92,40,-52,-191360,-299/14400
"5 4 2 2 2 2 1 1 1 1 1 1 1",38707200,272,16,52,226304,221/37800
"5 4 2 2 2 1 1 1 1 1 1 1 1 1",348364800,444,176,92,7189248,9361/453600
"5 4 2 2 1 1 1 1 1 1 1 1 1 1 1",6386688000,1144,1080,-1276,-1576523520,-4147/16800
"5 4 2 1 1 1 1 1 1 1 1 1 1 1 1 1",249080832000,9724,5720,-1716,-95446116480,-347633/907200
"5 4 1 1 1 1 1 1 1 1 1 1 1 1 1 1 1",26153487360000,17472,72800,52052,66208145203200,15379/6075
"5 3 3 3 3 2 2 2 1",466560,-3,-4,-4,-48,-1/9720
"5 3 3 3 3 2 2 1 1 1",466560,-3,8,12,-288,-1/1620
"5 3 3 3 3 2 1 1 1 1 1",2332800,-3,-28,20,1680,7/9720
"5 3 3 3 3 1 1 1 1 1 1 1",48988800,-27,-112,-12,-36288,-1/1350
"5 3 3 3 2 2 2 2 2",3110400,21,20,-37,-15540,-259/51840
"5 3 3 3 2 2 2 2 1 1",622080,3,-4,-13,156,13/51840
"5 3 3 3 2 2 2 1 1 1 1",933120,-3,20,-13,780,13/15552
"5 3 3 3 2 2 1 1 1 1 1 1",4665600,3,-28,27,-2268,-7/14400
"5 3 3 3 2 1 1 1 1 1 1 1 1",65318400,21,-28,203,-119364,-1421/777600
"5 3 3 3 1 1 1 1 1 1 1 1 1 1",2939328000,243,1820,1347,595724220,5837/28800
"5 3 3 2 2 2 2 2 2 1",4147200,24,10,-2,-480,-1/8640
"5 3 3 2 2 2 2 2 1 1 1",2073600,6,-10,-10,600,1/3456
"5 3 3 2 2 2 2 1 1 1 1 1",4147200,-12,26,-34,10608,221/86400
"5 3 3 2 2 2 1 1 1 1 1 1 1",21772800,-30,-10,14,4200,1/5184
"5 3 3 2 2 1 1 1 1 1 1 1 1 1",261273600,-144,-118,366,6219072,3599/151200
"5 3 3 2 1 1 1 1 1 1 1 1 1 1 1",7185024000,-738,-10,1430,10553400,533/362880
"5 3 3 1 1 1 1 1 1 1 1 1 1 1 1 1",560431872000,-4212,-14950,-11154,-702360687600,-50531/40320
"5 3 2 2 2 2 2 2 2 2",154828800,84,-140,-224,2634240,49/2880
"5 3 2 2 2 2 2 2 2 1 1",19353600,84,70,14,82320,49/11520
"5 3 2 2 2 2 2 2 1 1 1 1",16588800,24,40,16,15360,1/1080
"5 3 2 2 2 2 2 1 1 1 1 1 1",41472000,-72,50,-10,36000,1/1152
"5 3 2 2 2 2 1 1 1 1 1 1 1 1",232243200,-324,-52,80,1347840,13/2240
"5 3 2 2 2 1 1 1 1 1 1 1 1 1 1",2612736000,-1380,-850,590,692070000,115345/435456
"5 3 2 2 1 1 1 1 1 1 1 1 1 1 1 1",57480192000,-5952,-4960,1056,31175147520,7688/14175
"5 3 2 1 1 1 1 1 1 1 1 1 1 1 1 1 1",2615348736000,-24960,-33670,-26026,-21872333683200,-81289/9720
"5 3 1 1 1 1 1 1 1 1 1 1 1 1 1 1 1 1",313841848320000,-102492,-118300,-137280,-1664493038208000,-160381/30240
"5 2 2 2 2 2 2 2 2 1 1 1",309657600,1008,280,-392,-110638080,-343/960
"5 2 2 2 2 2 2 2 1 1 1 1 1",387072000,1008,280,-448,-126443520,-49/150
"5 2 2 2 2 2 2 1 1 1 1 1 1 1",1161216000,672,160,-488,-52469760,-61/1350
"5 2 2 2 2 2 1 1 1 1 1 1 1 1 1",6967296000,-1752,-880,-496,-764712960,-24893/226800
"5 2 2 2 2 1 1 1 1 1 1 1 1 1 1 1",76640256000,-13488,-7960,-616,-66136519680,-55919/64800
"5 2 2 2 1 1 1 1 1 1 1 1 1 1 1 1 1",1494484992000,-73632,-47320,-4576,-15944002314240,-129623/12150
"5 2 2 1 1 1 1 1 1 1 1 1 1 1 1 1 1 1",52306974720000,-416832,-254800,-72072,-7654680172339200,-197561/1350
"5 2 1 1 1 1 1 1 1 1 1 1 1 1 1 1 1 1 1",3556874280960000,-2476968,-1237600,-272272,-834648617131929600,-22808747/97200
"5 1 1 1 1 1 1 1 1 1 1 1 1 1 1 1 1 1 1 1",608225502044160000,-16325712,-5878600,1108536,106388783433207475200,17631601/100800
"4 4 4 4 4 4",2949120,60,-180,-180,1944000,675/1024
"4 4 4 4 4 3 1",368640,-30,-30,30,27000,75/1024
"4 4 4 4 3 3 2",221184,6,6,-6,-216,-1/1024
"4 4 4 4 3 3 1 1",221184,-6,-30,18,3240,15/1024
"4 4 4 4 3 2 2 1",147456,-18,-18,-18,-5832,-81/2048
"4 4 4 4 3 2 1 1 1",221184,6,6,-6,-216,-1/1024
"4 4 4 4 3 1 1 1 1 1",2211840,-42,-138,54,312984,1449/10240
"4 4 4 4 2 2 2 2",2359296,12,-36,-36,15552,27/4096
"4 4 4 4 2 2 2 1 1",589824,12,-12,12,-1728,-3/1024
"4 4 4 4 2 2 1 1 1 1",1179648,84,36,36,108864,189/2048
"4 4 4 4 2 1 1 1 1 1 1",8847360,-12,60,-60,43200,5/1024
"4 4 4 4 1 1 1 1 1 1 1 1",247726080,-420,-84,684,24131520,399/4096
"4 4 4 3 3 3 3",746496,-3,-12,12,432,1/1728
"4 4 4 3 3 3 1 1 1",373248,-3,-12,30,1080,5/1728
"4 4 4 3 3 2 2 2",331776,-6,18,6,-648,-1/512
"4 4 4 3 3 2 2 1 1",110592,-6,-6,-6,-216,-1/512
"4 4 4 3 3 2 1 1 1 1",331776,-6,18,-18,1944,3/512
"4 4 4 3 3 1 1 1 1 1 1",4976640,-30,-174,-6,-31320,-29/4608
"4 4 4 3 2 2 2 2 1",442368,-30,-18,-6,-3240,-15/2048
"4 4 4 3 2 2 2 1 1 1",331776,-6,-18,6,648,1/512
"4 4 4 3 2 2 1 1 1 1 1",1105920,-6,30,-6,1080,1/1024
"4 4 4 3 2 1 1 1 1 1 1 1",11612160,66,126,-90,-748440,-33/512
"4 4 4 3 1 1 1 1 1 1 1 1 1",418037760,402,798,714,229048344,151487/276480
"4 4 4 2 2 2 2 2 2",17694720,240,-24,-24,138240,1/128
"4 4 4 2 2 1 1 1 1 1 1 1 1",123863040,-96,120,-168,1935360,1/64
"4 4 4 2 1 1 1 1 1 1 1 1 1 1",2786918400,624,504,-216,-67931136,-39/1600
"4 4 4 1 1 1 1 1 1 1 1 1 1 1 1",183936614400,-8184,-13296,1056,114908073984,94457/151200
"4 4 3 3 3 3 2 1 1",248832,3,12,-12,-432,-1/576
"4 4 3 3 3 3 1 1 1 1",1492992,-3,16,40,-1920,-5/3888
"4 4 3 3 3 2 1 1 1 1 1",1244160,-9,30,-12,3240,1/384
"4 4 3 3 3 1 1 1 1 1 1 1",26127360,-51,-332,-110,-1862520,-15521/217728
"4 4 3 3 2 2 2 2 2",2211840,-34,18,-2,1224,17/30720
"4 4 3 3 2 2 2 2 1 1",442368,-6,-10,-10,-600,-25/18432
"4 4 3 3 2 2 2 1 1 1 1",663552,6,-30,6,-1080,-5/3072
"4 4 3 3 2 2 1 1 1 1 1 1",3317760,10,-18,22,-3960,-11/9216
"4 4 3 3 2 1 1 1 1 1 1 1 1",46448640,78,66,-66,-339768,-1573/215040
"4 4 3 3 1 1 1 1 1 1 1 1 1 1",2090188800,666,2902,1126,2176256232,30225781/29030400
"4 4 3 2 2 2 2 2 2 1",4423680,-114,10,2,-2280,-19/36864
"4 4 3 2 2 2 2 2 1 1 1",2211840,-34,-6,-2,-408,-17/92160
"4 4 3 2 2 2 2 1 1 1 1 1",4423680,6,2,26,312,13/184320
"4 4 3 2 2 2 1 1 1 1 1 1 1",23224320,54,-78,102,-429624,-663/35840
"4 4 3 2 2 1 1 1 1 1 1 1 1 1",278691840,190,-54,226,-2318760,-2147/258048
"4 4 3 2 1 1 1 1 1 1 1 1 1 1 1",7664025600,750,2010,-66,-99495000,-1675/129024
"4 4 3 1 1 1 1 1 1 1 1 1 1 1 1 1",597793996800,1014,-16094,-8294,135352406904,39438347/174182400
"4 4 2 2 2 2 2 2 2 2",330301440,1372,-308,-308,130153408,290521/737280
"4 4 2 2 2 2 2 2 2 1 1",41287680,-252,-28,28,197568,49/10240
"4 4 2 2 2 2 2 2 1 1 1 1",35389440,-252,4,-28,28224,49/61440
"4 4 2 2 2 2 2 1 1 1 1 1 1",88473600,-340,60,-92,1876800,391/18432
"4 4 2 2 2 2 1 1 1 1 1 1 1 1",495452160,108,-4,188,-81216,-47/286720
"4 4 2 2 2 1 1 1 1 1 1 1 1 1 1",5573836800,1524,468,1260,898672320,1651/10240
"4 4 2 2 1 1 1 1 1 1 1 1 1 1 1 1",122624409600,6292,7668,2068,99774911808,5249101/6451200
"4 4 2 1 1 1 1 1 1 1 1 1 1 1 1 1 1",5579410636800,42588,46956,1716,3431591811648,94471/153600
"4 4 1 1 1 1 1 1 1 1 1 1 1 1 1 1 1 1",669529276416000,191100,402220,167596,12882139502232000,76602799/3981312
"4 3 3 3 3 2 2 2 2",2985984,9,-12,28,-3024,-7/6912
"4 3 3 3 3 2 2 2 1 1",746496,3,16,16,768,1/972
"4 3 3 3 3 2 2 1 1 1 1",1492992,-3,-12,-20,-720,-5/10368
"4 3 3 3 3 1 1 1 1 1 1 1 1",313528320,-63,-972,-516,-31597776,-129/1280
"4 3 3 3 2 2 2 2 1 1 1",1492992,9,24,-2,-432,-1/3456
"4 3 3 3 2 2 2 1 1 1 1 1",3732480,3,-14,-44,1848,77/155520
"4 3 3 3 2 2 1 1 1 1 1 1 1",26127360,21,60,-14,-17640,-7/10368
"4 3 3 3 2 1 1 1 1 1 1 1 1 1",470292480,135,-354,-312,14910480,767/24192
"4 3 3 3 1 1 1 1 1 1 1 1 1 1 1",25866086400,945,6768,4422,28282050720,3149/2880
"4 3 3 2 2 2 2 2 2 2",46448640,-126,-42,98,518616,343/30720
"4 3 3 2 2 2 2 2 2 1 1",6635520,-6,-10,-10,-600,-5/55296
"4 3 3 2 2 2 2 2 1 1 1 1",6635520,18,22,-6,-2376,-11/30720
"4 3 3 2 2 2 2 1 1 1 1 1 1",19906560,18,78,-122,-171288,-793/92160
"4 3 3 2 2 2 1 1 1 1 1 1 1 1",139345920,66,262,-158,-2732136,-113839/5806080
"4 3 3 2 2 1 1 1 1 1 1 1 1 1 1",2090188800,234,-138,-26,839592,3887/9676800
"4 3 3 2 1 1 1 1 1 1 1 1 1 1 1 1",68976230400,594,3750,5082,11320155000,3025/18432
"4 3 3 1 1 1 1 1 1 1 1 1 1 1 1 1 1",6276836966400,-702,-31122,-7722,-168707506968,-9633/358400
"4 3 2 2 2 2 2 2 2 2 1",123863040,-462,-70,182,5885880,7007/147456
"4 3 2 2 2 2 2 2 2 1 1 1",46448640,-126,-126,98,1555848,343/10240
"4 3 2 2 2 2 2 2 1 1 1 1 1",66355200,-6,-70,134,56280,469/552960
"4 3 2 2 2 2 2 1 1 1 1 1 1 1",232243200,-6,130,-174,135720,377/645120
"4 3 2 2 2 2 1 1 1 1 1 1 1 1 1",1672151040,-126,906,-602,68721912,45451/1105920
"4 3 2 2 2 1 1 1 1 1 1 1 1 1 1 1",22992076800,-942,1330,-110,137814600,2983/497664
"4 3 2 2 1 1 1 1 1 1 1 1 1 1 1 1 1",597793996800,-6006,5226,10582,-332141001192,-4608461/8294400
"4 3 2 1 1 1 1 1 1 1 1 1 1 1 1 1 1 1",31384184832000,-33462,13650,18018,-8229835013400,-24167/92160
"4 3 1 1 1 1 1 1 1 1 1 1 1 1 1 1 1 1 1",4268249137152000,-171054,417690,102102,-7294937266136520,-2100163/1228800
"4 2 2 2 2 2 2 2 2 2 2",14863564800,7560,-1680,-1680,21337344000,735/512
"4 2 2 2 2 2 2 2 2 2 1 1",1486356480,-2016,-336,336,227598336,49/320
"4 2 2 2 2 2 2 2 2 1 1 1 1",990904320,-1680,-616,392,405672960,3773/9216
"4 2 2 2 2 2 2 2 1 1 1 1 1 1",1857945600,-1512,-840,728,924618240,637/1280
"4 2 2 2 2 2 2 1 1 1 1 1 1 1 1",7431782400,-1608,-1120,512,922091520,67/540
"4 2 2 2 2 2 1 1 1 1 1 1 1 1 1 1",55738368000,-5808,-1760,-1152,-11775836160,-1331/6300
"4 2 2 2 2 1 1 1 1 1 1 1 1 1 1 1 1",735746457600,-34848,-16824,-6248,-3663094634496,-6022291/1209600
"4 2 2 2 1 1 1 1 1 1 1 1 1 1 1 1 1 1",16738231910400,-209976,-140504,-19448,-573763995796992,-373171097/10886400
"4 2 2 1 1 1 1 1 1 1 1 1 1 1 1 1 1 1 1",669529276416000,-1314456,-1026480,-221936,-299449987644487680,-3245994323/7257600
"4 2 1 1 1 1 1 1 1 1 1 1 1 1 1 1 1 1 1 1",51218989645824000,-8401536,-7054320,-1983696,-117567955690547281920,-173532073/75600
"4 1 1 1 1 1 1 1 1 1 1 1 1 1 1 1 1 1 1 1 1",9731608032706560000,-56233008,-52907400,-14410968,-42874679723582612505600,-7105535203/1612800
"3 3 3 3 2 2 2 2 2 2",89579520,45,128,-24,-138240,-1/648
"3 3 3 3 2 2 2 2 2 1 1",14929920,15,-68,-44,44880,187/62208
"3 3 3 3 2 2 2 2 1 1 1 1",17915904,9,48,120,51840,5/1728
"3 3 3 3 2 2 2 1 1 1 1 1 1",67184640,27,-324,36,-314928,-3/640
"3 3 3 3 2 2 1 1 1 1 1 1 1 1",627056640,117,288,72,2426112,13/3360
"3 3 3 3 2 1 1 1 1 1 1 1 1 1 1",14108774400,567,-708,-2700,1083877200,59/768
"3 3 3 3 1 1 1 1 1 1 1 1 1 1 1 1",931179110400,2673,18128,7128,345395394432,12463/33600
"3 3 3 2 2 2 2 2 2 1 1 1",44789760,45,-52,-114,266760,247/41472
"3 3 3 2 2 2 2 2 1 1 1 1 1",74649600,51,10,148,75480,629/622080
"3 3 3 2 2 2 2 1 1 1 1 1 1 1",313528320,153,-624,162,-15466464,-221/4480
"3 3 3 2 2 2 1 1 1 1 1 1 1 1 1",2821754880,567,150,72,6123600,5/2304
"3 3 3 2 2 1 1 1 1 1 1 1 1 1 1 1",51732172800,2133,1092,-3498,-8147667528,-54431/345600
"3 3 3 2 1 1 1 1 1 1 1 1 1 1 1 1 1",2017554739200,7371,18642,5148,707387616936,40391/115200
"3 3 3 1 1 1 1 1 1 1 1 1 1 1 1 1 1 1",211843247616000,22113,-47320,7722,-8080201649520,-2197/57600
"3 3 2 2 2 2 2 2 2 2 2",3344302080,-378,-546,-126,-26004888,-637/81920
"3 3 2 2 2 2 2 2 2 2 1 1",371589120,42,490,-70,-1440600,-1715/442368
"3 3 2 2 2 2 2 2 2 1 1 1 1",278691840,126,238,-294,-8816472,-5831/184320
"3 3 2 2 2 2 2 2 1 1 1 1 1 1",597196800,234,290,138,9364680,8671/552960
"3 3 2 2 2 2 2 1 1 1 1 1 1 1 1",2786918400,726,-1010,610,-447288600,-745481/4644864
"3 3 2 2 2 2 1 1 1 1 1 1 1 1 1 1",25082265600,2538,-54,906,-124169112,-7097/1433600
"3 3 2 2 2 1 1 1 1 1 1 1 1 1 1 1 1",413857382400,8910,7230,-3366,-216835363800,-45067/86016
"3 3 2 2 1 1 1 1 1 1 1 1 1 1 1 1 1 1",12553673932800,30186,52962,14586,23318797654152,11983283/6451200
"3 3 2 1 1 1 1 1 1 1 1 1 1 1 1 1 1 1 1",753220435968000,98982,182910,141570,2563096199063400,5853991/1720320
"3 3 1 1 1 1 1 1 1 1 1 1 1 1 1 1 1 1 1 1",115242726703104000,322218,1779050,1181466,677265853495631400,3370029/573440
"3 2 2 2 2 2 2 2 2 2 2 1",11147673600,-1890,-1050,630,1250235000,3675/32768
"3 2 2 2 2 2 2 2 2 2 1 1 1",3344302080,-378,462,-126,22004136,539/81920
"3 2 2 2 2 2 2 2 2 1 1 1 1 1",3715891200,294,910,-994,-265934760,-316589/4423680
"3 2 2 2 2 2 2 2 1 1 1 1 1 1 1",9754214400,1134,1750,-966,-1917027000,-805/4096
"3 2 2 2 2 2 2 1 1 1 1 1 1 1 1 1",50164531200,4014,-250,246,-246861000,-45715/9289728
"3 2 2 2 2 2 1 1 1 1 1 1 1 1 1 1 1",459841536000,14838,-50,2530,-1877007000,-56879/13934592
"3 2 2 2 2 1 1 1 1 1 1 1 1 1 1 1 1 1",7173527961600,55926,12558,-4290,-3012947257320,-928993/2211840
"3 2 2 2 1 1 1 1 1 1 1 1 1 1 1 1 1 1 1",188305108992000,214110,40950,-12870,-112841643915000,-51545/86016
"3 2 2 1 1 1 1 1 1 1 1 1 1 1 1 1 1 1 1 1",8536498274304000,839358,-417690,-131274,46023541091007480,30916353/5734400
"3 2 1 1 1 1 1 1 1 1 1 1 1 1 1 1 1 1 1 1 1",729870602452992000,3401190,-6172530,-2494206,52363229346031804200,17631601/245760
"3 1 1 1 1 1 1 1 1 1 1 1 1 1 1 1 1 1 1 1 1 1",153272826515128320000,14284998,-72012850,-37413090,38486973569333376087000,123421207/491520
"2 2 2 2 2 2 2 2 2 2 2 2",1961990553600,41580,-13860,-13860,7987501368000,266805/65536
"2 2 2 2 2 2 2 2 2 2 2 1 1",163499212800,-13860,-4620,4620,295833384000,29645/16384
"2 2 2 2 2 2 2 2 2 2 1 1 1 1",89181388800,-11340,-2940,3780,126023688000,46305/32768
"2 2 2 2 2 2 2 2 2 1 1 1 1 1 1",133772083200,-8316,-420,1764,6161158080,3773/81920
"2 2 2 2 2 2 2 2 1 1 1 1 1 1 1 1",416179814400,-1092,5740,-532,3334618560,70889/8847360
"2 2 2 2 2 2 2 1 1 1 1 1 1 1 1 1 1",2341011456000,27468,14980,252,103690601280,81641/1843200
"2 2 2 2 2 2 1 1 1 1 1 1 1 1 1 1 1 1",22072393728000,169092,66260,13332,149372206885440,224525323/33177600
"2 2 2 2 2 1 1 1 1 1 1 1 1 1 1 1 1 1 1",334764638208000,930228,402220,61204,22899862562216640,23830193309/348364800
"2 2 2 2 1 1 1 1 1 1 1 1 1 1 1 1 1 1 1 1",8034351316992000,5222412,2462460,375804,4832832169515430080,62088530933/103219200
"2 2 2 1 1 1 1 1 1 1 1 1 1 1 1 1 1 1 1 1 1",307313937874944000,30574908,14944020,2537964,1159626300184786674240,13910356369/3686400
"2 2 1 1 1 1 1 1 1 1 1 1 1 1 1 1 1 1 1 1 1 1",19463216065413120000,185478228,96996900,17182308,309123692430125278305600,2459061759869/154828800
"2 1 1 1 1 1 1 1 1 1 1 1 1 1 1 1 1 1 1 1 1 1 1",2248001455555215360000,1152323172,678978300,128035908,100175605338419548318180800,164273626517/3686400
"1 1 1 1 1 1 1 1 1 1 1 1 1 1 1 1 1 1 1 1 1 1 1 1",620448401733239439360000,7228208988,5205500300,1262068236,47487139876073401729375550400,1128581148409/14745600
