mask,n_tri,n_edge,b0,b1,b2,torsion_H1,snf_d2,uct_ok
15,4,9,1,0,0,-,1;1;1;1,1
28,3,8,1,0,0,-,1;1;1,1
29,4,9,1,0,0,-,1;1;1;1,1
31,5,10,1,0,0,-,1;1;1;1;1,1
58,4,9,1,0,0,-,1;1;1;1,1
59,5,10,1,0,0,-,1;1;1;1;1,1
62,5,10,1,0,0,-,1;1;1;1;1,1
63,6,11,1,0,0,-,1;1;1;1;1;1,1
126,6,11,1,0,0,-,1;1;1;1;1;1,1
127,7,12,1,0,0,-,1;1;1;1;1;1;1,1
184,4,9,1,0,0,-,1;1;1;1,1
185,5,10,1,0,0,-,1;1;1;1;1,1
187,6,11,1,0,0,-,1;1;1;1;1;1,1
191,7,12,1,0,0,-,1;1;1;1;1;1;1,1
207,6,11,1,0,0,-,1;1;1;1;1;1,1
220,5,10,1,0,0,-,1;1;1;1;1,1
221,6,11,1,0,0,-,1;1;1;1;1;1,1
223,7,12,1,0,0,-,1;1;1;1;1;1;1,1
254,7,12,1,0,0,-,1;1;1;1;1;1;1,1
255,8,13,1,0,0,-,1;1;1;1;1;1;1;1,1
495,8,13,1,0,0,-,1;1;1;1;1;1;1;1,1
511,9,14,1,0,0,-,1;1;1;1;1;1;1;1;1,1
1023,10,15,1,0,0,-,1;1;1;1;1;1;1;1;1;1,1
1052,4,10,1,1,0,-,1;1;1;1,1
1053,5,10,1,0,0,-,1;1;1;1;1,1
1055,6,10,1,0,1,-,1;1;1;1;1;0,1
1064,3,9,1,1,0,-,1;1;1,1
1065,4,9,1,0,0,-,1;1;1;1,1
1066,4,10,1,1,0,-,1;1;1;1,1
1067,5,10,1,0,0,-,1;1;1;1;1,1
1070,5,11,1,1,0,-,1;1;1;1;1,1
1071,6,11,1,0,0,-,1;1;1;1;1;1,1
1082,5,10,1,0,0,-,1;1;1;1;1,1
1083,6,10,1,0,1,-,1;1;1;1;1;0,1
1084,5,11,1,1,0,-,1;1;1;1;1,1
1085,6,11,1,0,0,-,1;1;1;1;1;1,1
1086,6,11,1,0,0,-,1;1;1;1;1;1,1
1087,7,11,1,0,1,-,1;1;1;1;1;1;0,1
1132,5,11,1,1,0,-,1;1;1;1;1,1
1133,6,11,1,0,0,-,1;1;1;1;1;1,1
1134,6,12,1,1,0,-,1;1;1;1;1;1,1
1135,7,12,1,0,0,-,1;1;1;1;1;1;1,1
1150,7,12,1,0,0,-,1;1;1;1;1;1;1,1
1151,8,12,1,0,1,-,1;1;1;1;1;1;1;0,1
1192,4,11,1,2,0,-,1;1;1;1,1
1193,5,11,1,1,0,-,1;1;1;1;1,1
1195,6,11,1,0,0,-,1;1;1;1;1;1,1
1196,5,12,1,2,0,-,1;1;1;1;1,1
1197,6,12,1,1,0,-,1;1;1;1;1;1,1
1199,7,12,1,0,0,-,1;1;1;1;1;1;1,1
1208,5,11,1,1,0,-,1;1;1;1;1,1
1209,6,11,1,0,0,-,1;1;1;1;1;1,1
1211,7,11,1,0,1,-,1;1;1;1;1;1;0,1
1212,6,12,1,1,0,-,1;1;1;1;1;1,1
1213,7,12,1,0,0,-,1;1;1;1;1;1;1,1
1215,8,12,1,0,1,-,1;1;1;1;1;1;1;0,1
1228,5,12,1,2,0,-,1;1;1;1;1,1
1229,6,12,1,1,0,-,1;1;1;1;1;1,1
1231,7,12,1,0,0,-,1;1;1;1;1;1;1,1
1244,6,12,1,1,0,-,1;1;1;1;1;1,1
1245,7,12,1,0,0,-,1;1;1;1;1;1;1,1
1247,8,12,1,0,1,-,1;1;1;1;1;1;1;0,1
1260,6,13,1,2,0,-,1;1;1;1;1;1,1
1261,7,13,1,1,0,-,1;1;1;1;1;1;1,1
1262,7,13,1,1,0,-,1;1;1;1;1;1;1,1
1263,8,13,1,0,0,-,1;1;1;1;1;1;1;1,1
1278,8,13,1,0,0,-,1;1;1;1;1;1;1;1,1
1279,9,13,1,0,1,-,1;1;1;1;1;1;1;1;0,1
1516,7,14,1,2,0,-,1;1;1;1;1;1;1,1
1517,8,14,1,1,0,-,1;1;1;1;1;1;1;1,1
1519,9,14,1,0,0,-,1;1;1;1;1;1;1;1;1,1
1535,10,14,1,0,1,-,1;1;1;1;1;1;1;1;1;0,1
1536,2,6,2,0,0,-,1;1,1
1537,3,8,1,0,0,-,1;1;1,1
1539,4,9,1,0,0,-,1;1;1;1,1
1541,4,9,1,0,0,-,1;1;1;1,1
1543,5,10,1,0,0,-,1;1;1;1;1,1
1551,6,11,1,0,0,-,1;1;1;1;1;1,1
1555,5,9,1,0,1,-,1;1;1;1;0,1
1556,4,10,1,1,0,-,1;1;1;1,1
1557,5,10,1,0,0,-,1;1;1;1;1,1
1559,6,10,1,0,1,-,1;1;1;1;1;0,1
1564,5,11,1,1,0,-,1;1;1;1;1,1
1565,6,11,1,0,0,-,1;1;1;1;1;1,1
1567,7,11,1,0,1,-,1;1;1;1;1;1;0,1
1572,4,10,1,1,0,-,1;1;1;1,1
1573,5,10,1,0,0,-,1;1;1;1;1,1
1574,5,11,1,1,0,-,1;1;1;1;1,1
1575,6,11,1,0,0,-,1;1;1;1;1;1,1
1576,4,10,1,1,0,-,1;1;1;1,1
1577,5,10,1,0,0,-,1;1;1;1;1,1
1578,5,11,1,1,0,-,1;1;1;1;1,1
1579,6,11,1,0,0,-,1;1;1;1;1;1,1
1580,5,11,1,1,0,-,1;1;1;1;1,1
1581,6,11,1,0,0,-,1;1;1;1;1;1,1
1582,6,12,1,1,0,-,1;1;1;1;1;1,1
1583,7,12,1,0,0,-,1;1;1;1;1;1;1,1
1590,6,11,1,0,0,-,1;1;1;1;1;1,1
1591,7,11,1,0,1,-,1;1;1;1;1;1;0,1
1594,6,11,1,0,0,-,1;1;1;1;1;1,1
1595,7,11,1,0,1,-,1;1;1;1;1;1;0,1
1596,6,12,1,1,0,-,1;1;1;1;1;1,1
1597,7,12,1,0,0,-,1;1;1;1;1;1;1,1
1598,7,12,1,0,0,-,1;1;1;1;1;1;1,1
1599,8,12,1,0,1,-,1;1;1;1;1;1;1;0,1
1644,6,12,1,1,0,-,1;1;1;1;1;1,1
1645,7,12,1,0,0,-,1;1;1;1;1;1;1,1
1646,7,13,1,1,0,-,1;1;1;1;1;1;1,1
1647,8,13,1,0,0,-,1;1;1;1;1;1;1;1,1
1662,8,13,1,0,0,-,1;1;1;1;1;1;1;1,1
1663,9,13,1,0,1,-,1;1;1;1;1;1;1;1;0,1
1700,5,12,1,2,0,-,1;1;1;1;1,1
1701,6,12,1,1,0,-,1;1;1;1;1;1,1
1703,7,12,1,0,0,-,1;1;1;1;1;1;1,1
1704,5,12,1,2,0,-,1;1;1;1;1,1
1705,6,12,1,1,0,-,1;1;1;1;1;1,1
1707,7,12,1,0,0,-,1;1;1;1;1;1;1,1
1708,6,13,1,2,0,-,1;1;1;1;1;1,1
1709,7,13,1,1,0,-,1;1;1;1;1;1;1,1
1711,8,13,1,0,0,-,1;1;1;1;1;1;1;1,1
1719,8,12,1,0,1,-,1;1;1;1;1;1;1;0,1
1720,6,12,1,1,0,-,1;1;1;1;1;1,1
1721,7,12,1,0,0,-,1;1;1;1;1;1;1,1
1723,8,12,1,0,1,-,1;1;1;1;1;1;1;0,1
1724,7,13,1,1,0,-,1;1;1;1;1;1;1,1
1725,8,13,1,0,0,-,1;1;1;1;1;1;1;1,1
1727,9,13,1,0,1,-,1;1;1;1;1;1;1;1;0,1
1740,6,13,1,2,0,-,1;1;1;1;1;1,1
1741,7,13,1,1,0,-,1;1;1;1;1;1;1,1
1743,8,13,1,0,0,-,1;1;1;1;1;1;1;1,1
1756,7,13,1,1,0,-,1;1;1;1;1;1;1,1
1757,8,13,1,0,0,-,1;1;1;1;1;1;1;1,1
1759,9,13,1,0,1,-,1;1;1;1;1;1;1;1;0,1
1772,7,14,1,2,0,-,1;1;1;1;1;1;1,1
1773,8,14,1,1,0,-,1;1;1;1;1;1;1;1,1
1774,8,14,1,1,0,-,1;1;1;1;1;1;1;1,1
1775,9,14,1,0,0,-,1;1;1;1;1;1;1;1;1,1
1790,9,14,1,0,0,-,1;1;1;1;1;1;1;1;1,1
1791,10,14,1,0,1,-,1;1;1;1;1;1;1;1;1;0,1
2028,8,15,1,2,0,-,1;1;1;1;1;1;1;1,1
2029,9,15,1,1,0,-,1;1;1;1;1;1;1;1;1,1
2031,10,15,1,0,0,-,1;1;1;1;1;1;1;1;1;1,1
2047,11,15,1,0,1,-,1;1;1;1;1;1;1;1;1;1;0,1
3130,6,11,1,0,0,-,1;1;1;1;1;1,1
3131,7,11,1,0,1,-,1;1;1;1;1;1;0,1
3134,7,11,1,0,1,-,1;1;1;1;1;1;0,1
3135,8,11,1,0,2,-,1;1;1;1;1;1;0;0,1
3164,6,12,1,1,0,-,1;1;1;1;1;1,1
3165,7,12,1,0,0,-,1;1;1;1;1;1;1,1
3166,7,12,1,0,0,-,1;1;1;1;1;1;1,1
3167,8,12,1,0,1,-,1;1;1;1;1;1;1;0,1
3198,8,12,1,0,1,-,1;1;1;1;1;1;1;0,1
3199,9,12,1,0,2,-,1;1;1;1;1;1;1;0;0,1
3224,5,12,1,2,0,-,1;1;1;1;1,1
3225,6,12,1,1,0,-,1;1;1;1;1;1,1
3227,7,12,1,1,1,-,1;1;1;1;1;1;0,1
3228,6,12,1,1,0,-,1;1;1;1;1;1,1
3229,7,12,1,0,0,-,1;1;1;1;1;1;1,1
3231,8,12,1,0,1,-,1;1;1;1;1;1;1;0,1
3256,6,12,1,1,0,-,1;1;1;1;1;1,1
3257,7,12,1,0,0,-,1;1;1;1;1;1;1,1
3258,7,12,1,0,0,-,1;1;1;1;1;1;1,1
3259,8,12,1,0,1,-,1;1;1;1;1;1;1;0,1
3262,8,12,1,0,1,-,1;1;1;1;1;1;1;0,1
3263,9,12,1,0,2,-,1;1;1;1;1;1;1;0;0,1
3272,5,13,1,3,0,-,1;1;1;1;1,1
3273,6,13,1,2,0,-,1;1;1;1;1;1,1
3274,6,13,1,2,0,-,1;1;1;1;1;1,1
3275,7,13,1,1,0,-,1;1;1;1;1;1;1,1
3278,7,13,1,1,0,-,1;1;1;1;1;1;1,1
3279,8,13,1,0,0,-,1;1;1;1;1;1;1;1,1
3290,7,13,1,1,0,-,1;1;1;1;1;1;1,1
3291,8,13,1,1,1,-,1;1;1;1;1;1;1;0,1
3292,7,13,1,1,0,-,1;1;1;1;1;1;1,1
3293,8,13,1,0,0,-,1;1;1;1;1;1;1;1,1
3294,8,13,1,0,0,-,1;1;1;1;1;1;1;1,1
3295,9,13,1,0,1,-,1;1;1;1;1;1;1;1;0,1
3326,9,13,1,0,1,-,1;1;1;1;1;1;1;1;0,1
3327,10,13,1,0,2,-,1;1;1;1;1;1;1;1;0;0,1
3347,6,10,1,0,1,-,1;1;1;1;1;0,1
3348,5,11,1,1,0,-,1;1;1;1;1,1
3349,6,11,1,0,0,-,1;1;1;1;1;1,1
3350,6,11,1,0,0,-,1;1;1;1;1;1,1
3351,7,11,1,0,1,-,1;1;1;1;1;1;0,1
3356,6,12,1,1,0,-,1;1;1;1;1;1,1
3357,7,12,1,0,0,-,1;1;1;1;1;1;1,1
3359,8,12,1,0,1,-,1;1;1;1;1;1;1;0,1
3364,5,11,1,1,0,-,1;1;1;1;1,1
3365,6,11,1,1,1,-,1;1;1;1;1;0,1
3366,6,11,1,0,0,-,1;1;1;1;1;1,1
3367,7,11,1,0,1,-,1;1;1;1;1;1;0,1
3368,5,12,1,2,0,-,1;1;1;1;1,1
3369,6,12,1,1,0,-,1;1;1;1;1;1,1
3370,6,12,1,1,0,-,1;1;1;1;1;1,1
3371,7,12,1,0,0,-,1;1;1;1;1;1;1,1
3372,6,12,1,1,0,-,1;1;1;1;1;1,1
3373,7,12,1,1,1,-,1;1;1;1;1;1;0,1
3374,7,12,1,0,0,-,1;1;1;1;1;1;1,1
3375,8,12,1,0,1,-,1;1;1;1;1;1;1;0,1
3382,7,11,1,0,1,-,1;1;1;1;1;1;0,1
3383,8,11,1,0,2,-,1;1;1;1;1;1;0;0,1
3384,6,12,1,1,0,-,1;1;1;1;1;1,1
3385,7,12,1,0,0,-,1;1;1;1;1;1;1,1
3386,7,12,1,0,0,-,1;1;1;1;1;1;1,1
3387,8,12,1,0,1,-,1;1;1;1;1;1;1;0,1
3388,7,12,1,0,0,-,1;1;1;1;1;1;1,1
3389,8,12,1,0,1,-,1;1;1;1;1;1;1;0,1
3390,8,12,1,0,1,-,1;1;1;1;1;1;1;0,1
3391,9,12,1,0,2,-,1;1;1;1;1;1;1;0;0,1
3400,5,12,1,2,0,-,1;1;1;1;1,1
3401,6,12,1,1,0,-,1;1;1;1;1;1,1
3402,6,12,1,1,0,-,1;1;1;1;1;1,1
3403,7,12,1,0,0,-,1;1;1;1;1;1;1,1
3404,6,13,1,2,0,-,1;1;1;1;1;1,1
3405,7,13,1,1,0,-,1;1;1;1;1;1;1,1
3406,7,13,1,1,0,-,1;1;1;1;1;1;1,1
3407,8,13,1,0,0,-,1;1;1;1;1;1;1;1,1
3418,7,12,1,0,0,-,1;1;1;1;1;1;1,1
3419,8,12,1,0,1,-,1;1;1;1;1;1;1;0,1
3420,7,13,1,1,0,-,1;1;1;1;1;1;1,1
3421,8,13,1,0,0,-,1;1;1;1;1;1;1;1,1
3422,8,13,1,0,0,-,1;1;1;1;1;1;1;1,1
3423,9,13,1,0,1,-,1;1;1;1;1;1;1;1;0,1
3436,7,13,1,1,0,-,1;1;1;1;1;1;1,1
3437,8,13,1,1,1,-,1;1;1;1;1;1;1;0,1
3438,8,13,1,0,0,-,1;1;1;1;1;1;1;1,1
3439,9,13,1,0,1,-,1;1;1;1;1;1;1;1;0,1
3454,9,13,1,0,1,-,1;1;1;1;1;1;1;1;0,1
3455,10,13,1,0,2,-,1;1;1;1;1;1;1;1;0;0,1
3475,7,12,1,1,1,-,1;1;1;1;1;1;0,1
3476,6,12,1,1,0,-,1;1;1;1;1;1,1
3477,7,12,1,0,0,-,1;1;1;1;1;1;1,1
3478,7,12,1,0,0,-,1;1;1;1;1;1;1,1
3479,8,12,1,0,1,-,1;1;1;1;1;1;1;0,1
3480,6,13,1,2,0,-,1;1;1;1;1;1,1
3481,7,13,1,1,0,-,1;1;1;1;1;1;1,1
3482,7,13,1,1,0,-,1;1;1;1;1;1;1,1
3483,8,13,1,1,1,-,1;1;1;1;1;1;1;0,1
3484,7,13,1,1,0,-,1;1;1;1;1;1;1,1
3485,8,13,1,0,0,-,1;1;1;1;1;1;1;1,1
3486,8,13,1,0,0,-,1;1;1;1;1;1;1;1,1
3487,9,13,1,0,1,-,1;1;1;1;1;1;1;1;0,1
3492,6,12,1,1,0,-,1;1;1;1;1;1,1
3493,7,12,1,1,1,-,1;1;1;1;1;1;0,1
3494,7,12,1,0,0,-,1;1;1;1;1;1;1,1
3495,8,12,1,0,1,-,1;1;1;1;1;1;1;0,1
3496,6,13,1,2,0,-,1;1;1;1;1;1,1
3497,7,13,1,1,0,-,1;1;1;1;1;1;1,1
3498,7,13,1,1,0,-,1;1;1;1;1;1;1,1
3499,8,13,1,0,0,-,1;1;1;1;1;1;1;1,1
3500,7,13,1,1,0,-,1;1;1;1;1;1;1,1
3501,8,13,1,1,1,-,1;1;1;1;1;1;1;0,1
3502,8,13,1,0,0,-,1;1;1;1;1;1;1;1,1
3503,9,13,1,0,1,-,1;1;1;1;1;1;1;1;0,1
3510,8,12,1,0,1,-,1;1;1;1;1;1;1;0,1
3511,9,12,1,0,2,-,1;1;1;1;1;1;1;0;0,1
3512,7,13,1,1,0,-,1;1;1;1;1;1;1,1
3513,8,13,1,0,0,-,1;1;1;1;1;1;1;1,1
3514,8,13,1,0,0,-,1;1;1;1;1;1;1;1,1
3515,9,13,1,0,1,-,1;1;1;1;1;1;1;1;0,1
3516,8,13,1,0,0,-,1;1;1;1;1;1;1;1,1
3517,9,13,1,0,1,-,1;1;1;1;1;1;1;1;0,1
3518,9,13,1,0,1,-,1;1;1;1;1;1;1;1;0,1
3519,10,13,1,0,2,-,1;1;1;1;1;1;1;1;0;0,1
3528,6,14,1,3,0,-,1;1;1;1;1;1,1
3529,7,14,1,2,0,-,1;1;1;1;1;1;1,1
3530,7,14,1,2,0,-,1;1;1;1;1;1;1,1
3531,8,14,1,1,0,-,1;1;1;1;1;1;1;1,1
3532,7,14,1,2,0,-,1;1;1;1;1;1;1,1
3533,8,14,1,1,0,-,1;1;1;1;1;1;1;1,1
3534,8,14,1,1,0,-,1;1;1;1;1;1;1;1,1
3535,9,14,1,0,0,-,1;1;1;1;1;1;1;1;1,1
3546,8,14,1,1,0,-,1;1;1;1;1;1;1;1,1
3547,9,14,1,1,1,-,1;1;1;1;1;1;1;1;0,1
3548,8,14,1,1,0,-,1;1;1;1;1;1;1;1,1
3549,9,14,1,0,0,-,1;1;1;1;1;1;1;1;1,1
3550,9,14,1,0,0,-,1;1;1;1;1;1;1;1;1,1
3551,10,14,1,0,1,-,1;1;1;1;1;1;1;1;1;0,1
3564,8,14,1,1,0,-,1;1;1;1;1;1;1;1,1
3565,9,14,1,1,1,-,1;1;1;1;1;1;1;1;0,1
3566,9,14,1,0,0,-,1;1;1;1;1;1;1;1;1,1
3567,10,14,1,0,1,-,1;1;1;1;1;1;1;1;1;0,1
3582,10,14,1,0,1,-,1;1;1;1;1;1;1;1;1;0,1
3583,11,14,1,0,2,-,1;1;1;1;1;1;1;1;1;0;0,1
3840,4,10,1,1,0,-,1;1;1;1,1
3841,5,12,1,2,0,-,1;1;1;1;1,1
3842,5,11,1,1,0,-,1;1;1;1;1,1
3843,6,12,1,1,0,-,1;1;1;1;1;1,1
3846,6,11,1,0,0,-,1;1;1;1;1;1,1
3847,7,12,1,0,0,-,1;1;1;1;1;1;1,1
3849,6,13,1,2,0,-,1;1;1;1;1;1,1
3851,7,13,1,1,0,-,1;1;1;1;1;1;1,1
3855,8,13,1,0,0,-,1;1;1;1;1;1;1;1,1
3858,6,12,1,1,0,-,1;1;1;1;1;1,1
3859,7,12,1,1,1,-,1;1;1;1;1;1;0,1
3860,6,12,1,1,0,-,1;1;1;1;1;1,1
3861,7,12,1,0,0,-,1;1;1;1;1;1;1,1
3862,7,12,1,0,0,-,1;1;1;1;1;1;1,1
3863,8,12,1,0,1,-,1;1;1;1;1;1;1;0,1
3864,6,13,1,2,0,-,1;1;1;1;1;1,1
3865,7,13,1,1,0,-,1;1;1;1;1;1;1,1
3866,7,13,1,1,0,-,1;1;1;1;1;1;1,1
3867,8,13,1,1,1,-,1;1;1;1;1;1;1;0,1
3868,7,13,1,1,0,-,1;1;1;1;1;1;1,1
3869,8,13,1,0,0,-,1;1;1;1;1;1;1;1,1
3870,8,13,1,0,0,-,1;1;1;1;1;1;1;1,1
3871,9,13,1,0,1,-,1;1;1;1;1;1;1;1;0,1
3894,8,12,1,0,1,-,1;1;1;1;1;1;1;0,1
3895,9,12,1,0,2,-,1;1;1;1;1;1;1;0;0,1
3896,7,13,1,1,0,-,1;1;1;1;1;1;1,1
3897,8,13,1,0,0,-,1;1;1;1;1;1;1;1,1
3898,8,13,1,0,0,-,1;1;1;1;1;1;1;1,1
3899,9,13,1,0,1,-,1;1;1;1;1;1;1;1;0,1
3902,9,13,1,0,1,-,1;1;1;1;1;1;1;1;0,1
3903,10,13,1,0,2,-,1;1;1;1;1;1;1;1;0;0,1
3912,6,14,1,3,0,-,1;1;1;1;1;1,1
3913,7,14,1,2,0,-,1;1;1;1;1;1;1,1
3914,7,14,1,2,0,-,1;1;1;1;1;1;1,1
3915,8,14,1,1,0,-,1;1;1;1;1;1;1;1,1
3918,8,14,1,1,0,-,1;1;1;1;1;1;1;1,1
3919,9,14,1,0,0,-,1;1;1;1;1;1;1;1;1,1
3930,8,14,1,1,0,-,1;1;1;1;1;1;1;1,1
3931,9,14,1,1,1,-,1;1;1;1;1;1;1;1;0,1
3932,8,14,1,1,0,-,1;1;1;1;1;1;1;1,1
3933,9,14,1,0,0,-,1;1;1;1;1;1;1;1;1,1
3934,9,14,1,0,0,-,1;1;1;1;1;1;1;1;1,1
3935,10,14,1,0,1,-,1;1;1;1;1;1;1;1;1;0,1
3966,10,14,1,0,1,-,1;1;1;1;1;1;1;1;1;0,1
3967,11,14,1,0,2,-,1;1;1;1;1;1;1;1;1;0;0,1
3968,5,11,1,1,0,-,1;1;1;1;1,1
3969,6,13,1,2,0,-,1;1;1;1;1;1,1
3970,6,12,1,1,0,-,1;1;1;1;1;1,1
3971,7,13,1,1,0,-,1;1;1;1;1;1;1,1
3974,7,12,1,0,0,-,1;1;1;1;1;1;1,1
3975,8,13,1,0,0,-,1;1;1;1;1;1;1;1,1
3976,6,13,1,2,0,-,1;1;1;1;1;1,1
3977,7,14,1,2,0,-,1;1;1;1;1;1;1,1
3978,7,13,1,1,0,-,1;1;1;1;1;1;1,1
3979,8,14,1,1,0,-,1;1;1;1;1;1;1;1,1
3982,8,13,1,0,0,-,1;1;1;1;1;1;1;1,1
3983,9,14,1,0,0,-,1;1;1;1;1;1;1;1;1,1
3986,7,13,1,1,0,-,1;1;1;1;1;1;1,1
3987,8,13,1,1,1,-,1;1;1;1;1;1;1;0,1
3988,7,13,1,1,0,-,1;1;1;1;1;1;1,1
3989,8,13,1,0,0,-,1;1;1;1;1;1;1;1,1
3990,8,13,1,0,0,-,1;1;1;1;1;1;1;1,1
3991,9,13,1,0,1,-,1;1;1;1;1;1;1;1;0,1
3992,7,14,1,2,0,-,1;1;1;1;1;1;1,1
3993,8,14,1,1,0,-,1;1;1;1;1;1;1;1,1
3994,8,14,1,1,0,-,1;1;1;1;1;1;1;1,1
3995,9,14,1,1,1,-,1;1;1;1;1;1;1;1;0,1
3996,8,14,1,1,0,-,1;1;1;1;1;1;1;1,1
3997,9,14,1,0,0,-,1;1;1;1;1;1;1;1;1,1
3998,9,14,1,0,0,-,1;1;1;1;1;1;1;1;1,1
3999,10,14,1,0,1,-,1;1;1;1;1;1;1;1;1;0,1
4022,9,13,1,0,1,-,1;1;1;1;1;1;1;1;0,1
4023,10,13,1,0,2,-,1;1;1;1;1;1;1;1;0;0,1
4024,8,14,1,1,0,-,1;1;1;1;1;1;1;1,1
4025,9,14,1,0,0,-,1;1;1;1;1;1;1;1;1,1
4026,9,14,1,0,0,-,1;1;1;1;1;1;1;1;1,1
4027,10,14,1,0,1,-,1;1;1;1;1;1;1;1;1;0,1
4030,10,14,1,0,1,-,1;1;1;1;1;1;1;1;1;0,1
4031,11,14,1,0,2,-,1;1;1;1;1;1;1;1;1;0;0,1
4040,7,15,1,3,0,-,1;1;1;1;1;1;1,1
4041,8,15,1,2,0,-,1;1;1;1;1;1;1;1,1
4042,8,15,1,2,0,-,1;1;1;1;1;1;1;1,1
4043,9,15,1,1,0,-,1;1;1;1;1;1;1;1;1,1
4046,9,15,1,1,0,-,1;1;1;1;1;1;1;1;1,1
4047,10,15,1,0,0,-,1;1;1;1;1;1;1;1;1;1,1
4058,9,15,1,1,0,-,1;1;1;1;1;1;1;1;1,1
4059,10,15,1,1,1,-,1;1;1;1;1;1;1;1;1;0,1
4060,9,15,1,1,0,-,1;1;1;1;1;1;1;1;1,1
4061,10,15,1,0,0,-,1;1;1;1;1;1;1;1;1;1,1
4062,10,15,1,0,0,-,1;1;1;1;1;1;1;1;1;1,1
4063,11,15,1,0,1,-,1;1;1;1;1;1;1;1;1;1;0,1
4094,11,15,1,0,1,-,1;1;1;1;1;1;1;1;1;1;0,1
4095,12,15,1,0,2,-,1;1;1;1;1;1;1;1;1;1;0;0,1
7294,9,12,1,0,2,-,1;1;1;1;1;1;1;0;0,1
7295,10,12,1,0,3,-,1;1;1;1;1;1;1;0;0;0,1
7350,8,12,1,0,1,-,1;1;1;1;1;1;1;0,1
7351,9,12,1,0,2,-,1;1;1;1;1;1;1;0;0,1
7352,7,13,1,1,0,-,1;1;1;1;1;1;1,1
7353,8,13,1,0,0,-,1;1;1;1;1;1;1;1,1
7354,8,13,1,0,0,-,1;1;1;1;1;1;1;1,1
7355,9,13,1,0,1,-,1;1;1;1;1;1;1;1;0,1
7358,9,13,1,0,1,-,1;1;1;1;1;1;1;1;0,1
7359,10,13,1,0,2,-,1;1;1;1;1;1;1;1;0;0,1
7368,6,13,1,2,0,-,1;1;1;1;1;1,1
7369,7,13,1,2,1,-,1;1;1;1;1;1;0,1
7370,7,13,1,1,0,-,1;1;1;1;1;1;1,1
7371,8,13,1,1,1,-,1;1;1;1;1;1;1;0,1
7374,8,13,1,0,0,-,1;1;1;1;1;1;1;1,1
7375,9,13,1,0,1,-,1;1;1;1;1;1;1;1;0,1
7386,8,13,1,1,1,-,1;1;1;1;1;1;1;0,1
7387,9,13,1,1,2,-,1;1;1;1;1;1;1;0;0,1
7388,8,13,1,0,0,-,1;1;1;1;1;1;1;1,1
7389,9,13,1,0,1,-,1;1;1;1;1;1;1;1;0,1
7390,9,13,1,0,1,-,1;1;1;1;1;1;1;1;0,1
7391,10,13,1,0,2,-,1;1;1;1;1;1;1;1;0;0,1
7422,10,13,1,0,2,-,1;1;1;1;1;1;1;1;0;0,1
7423,11,13,1,0,3,-,1;1;1;1;1;1;1;1;0;0;0,1
7571,8,14,1,2,1,-,1;1;1;1;1;1;1;0,1
7572,7,14,1,2,0,-,1;1;1;1;1;1;1,1
7573,8,14,1,1,0,-,1;1;1;1;1;1;1;1,1
7575,9,14,1,1,1,-,1;1;1;1;1;1;1;1;0,1
7580,8,14,1,1,0,-,1;1;1;1;1;1;1;1,1
7581,9,14,1,0,0,-,1;1;1;1;1;1;1;1;1,1
7583,10,14,1,0,1,-,1;1;1;1;1;1;1;1;1;0,1
7588,7,14,1,2,0,-,1;1;1;1;1;1;1,1
7589,8,14,1,2,1,-,1;1;1;1;1;1;1;0,1
7590,8,14,1,1,0,-,1;1;1;1;1;1;1;1,1
7591,9,14,1,1,1,-,1;1;1;1;1;1;1;1;0,1
7592,7,14,1,2,0,-,1;1;1;1;1;1;1,1
7593,8,14,1,1,0,-,1;1;1;1;1;1;1;1,1
7594,8,14,1,1,0,-,1;1;1;1;1;1;1;1,1
7595,9,14,1,0,0,-,1;1;1;1;1;1;1;1;1,1
7596,8,14,1,1,0,-,1;1;1;1;1;1;1;1,1
7597,9,14,1,1,1,-,1;1;1;1;1;1;1;1;0,1
7598,9,14,1,0,0,-,1;1;1;1;1;1;1;1;1,1
7599,10,14,1,0,1,-,1;1;1;1;1;1;1;1;1;0,1
7606,9,14,1,1,1,-,1;1;1;1;1;1;1;1;0,1
7607,10,14,1,1,2,-,1;1;1;1;1;1;1;1;0;0,1
7610,9,14,1,0,0,-,1;1;1;1;1;1;1;1;1,1
7611,10,14,1,0,1,-,1;1;1;1;1;1;1;1;1;0,1
7612,9,14,1,0,0,-,1;1;1;1;1;1;1;1;1,1
7613,10,14,1,0,1,-,1;1;1;1;1;1;1;1;1;0,1
7614,10,14,1,0,1,-,1;1;1;1;1;1;1;1;1;0,1
7615,11,14,1,0,2,-,1;1;1;1;1;1;1;1;1;0;0,1
7660,9,14,1,1,1,-,1;1;1;1;1;1;1;1;0,1
7661,10,14,1,1,2,-,1;1;1;1;1;1;1;1;0;0,1
7662,10,14,1,0,1,-,1;1;1;1;1;1;1;1;1;0,1
7663,11,14,1,0,2,-,1;1;1;1;1;1;1;1;1;0;0,1
7678,11,14,1,0,2,-,1;1;1;1;1;1;1;1;1;0;0,1
7679,12,14,1,0,3,-,1;1;1;1;1;1;1;1;1;0;0;0,1
8064,6,13,1,2,0,-,1;1;1;1;1;1,1
8065,7,15,1,3,0,-,1;1;1;1;1;1;1,1
8066,7,14,1,2,0,-,1;1;1;1;1;1;1,1
8067,8,15,1,2,0,-,1;1;1;1;1;1;1;1,1
8070,8,14,1,1,0,-,1;1;1;1;1;1;1;1,1
8071,9,15,1,1,0,-,1;1;1;1;1;1;1;1;1,1
8078,9,14,1,0,0,-,1;1;1;1;1;1;1;1;1,1
8079,10,15,1,0,0,-,1;1;1;1;1;1;1;1;1;1,1
8082,8,15,1,2,0,-,1;1;1;1;1;1;1;1,1
8083,9,15,1,2,1,-,1;1;1;1;1;1;1;1;0,1
8084,8,15,1,2,0,-,1;1;1;1;1;1;1;1,1
8085,9,15,1,1,0,-,1;1;1;1;1;1;1;1;1,1
8086,9,15,1,1,0,-,1;1;1;1;1;1;1;1;1,1
8087,10,15,1,1,1,-,1;1;1;1;1;1;1;1;1;0,1
8092,9,15,1,1,0,-,1;1;1;1;1;1;1;1;1,1
8093,10,15,1,0,0,-,1;1;1;1;1;1;1;1;1;1,1
8094,10,15,1,0,0,-,1;1;1;1;1;1;1;1;1;1,1
8095,11,15,1,0,1,-,1;1;1;1;1;1;1;1;1;1;0,1
8118,10,15,1,1,1,-,1;1;1;1;1;1;1;1;1;0,1
8119,11,15,1,1,2,-,1;1;1;1;1;1;1;1;1;0;0,1
8122,10,15,1,0,0,-,1;1;1;1;1;1;1;1;1;1,1
8123,11,15,1,0,1,-,1;1;1;1;1;1;1;1;1;1;0,1
8126,11,15,1,0,1,-,1;1;1;1;1;1;1;1;1;1;0,1
8127,12,15,1,0,2,-,1;1;1;1;1;1;1;1;1;1;0;0,1
8190,12,15,1,0,2,-,1;1;1;1;1;1;1;1;1;1;0;0,1
8191,13,15,1,0,3,-,1;1;1;1;1;1;1;1;1;1;0;0;0,1
11448,7,12,1,1,1,-,1;1;1;1;1;1;0,1
11449,8,12,1,0,1,-,1;1;1;1;1;1;1;0,1
11451,9,12,1,0,2,-,1;1;1;1;1;1;1;0;0,1
11455,10,12,1,0,3,-,1;1;1;1;1;1;1;0;0;0,1
11458,6,12,1,1,0,-,1;1;1;1;1;1,1
11459,7,12,1,0,0,-,1;1;1;1;1;1;1,1
11462,7,12,1,1,1,-,1;1;1;1;1;1;0,1
11463,8,12,1,0,1,-,1;1;1;1;1;1;1;0,1
11464,6,13,1,2,0,-,1;1;1;1;1;1,1
11465,7,13,1,1,0,-,1;1;1;1;1;1;1,1
11466,7,13,1,1,0,-,1;1;1;1;1;1;1,1
11467,8,13,1,0,0,-,1;1;1;1;1;1;1;1,1
11470,8,13,1,1,1,-,1;1;1;1;1;1;1;0,1
11471,9,13,1,0,1,-,1;1;1;1;1;1;1;1;0,1
11475,8,12,1,0,1,-,1;1;1;1;1;1;1;0,1
11476,7,12,1,0,0,-,1;1;1;1;1;1;1,1
11477,8,12,1,0,1,-,1;1;1;1;1;1;1;0,1
11478,8,12,1,0,1,-,1;1;1;1;1;1;1;0,1
11479,9,12,1,0,2,-,1;1;1;1;1;1;1;0;0,1
11480,7,13,1,1,0,-,1;1;1;1;1;1;1,1
11481,8,13,1,0,0,-,1;1;1;1;1;1;1;1,1
11482,8,13,1,0,0,-,1;1;1;1;1;1;1;1,1
11483,9,13,1,0,1,-,1;1;1;1;1;1;1;1;0,1
11484,8,13,1,0,0,-,1;1;1;1;1;1;1;1,1
11485,9,13,1,0,1,-,1;1;1;1;1;1;1;1;0,1
11486,9,13,1,0,1,-,1;1;1;1;1;1;1;1;0,1
11487,10,13,1,0,2,-,1;1;1;1;1;1;1;1;0;0,1
11507,9,12,1,0,2,-,1;1;1;1;1;1;1;0;0,1
11510,9,12,1,0,2,-,1;1;1;1;1;1;1;0;0,1
11511,10,12,1,0,3,-,1;1;1;1;1;1;1;0;0;0,1
11512,8,13,1,1,1,-,1;1;1;1;1;1;1;0,1
11513,9,13,1,0,1,-,1;1;1;1;1;1;1;1;0,1
11514,9,13,1,0,1,-,1;1;1;1;1;1;1;1;0,1
11515,10,13,1,0,2,-,1;1;1;1;1;1;1;1;0;0,1
11518,10,13,1,0,2,-,1;1;1;1;1;1;1;1;0;0,1
11519,11,13,1,0,3,-,1;1;1;1;1;1;1;1;0;0;0,1
11600,6,11,1,0,0,-,1;1;1;1;1;1,1
11601,7,12,1,0,0,-,1;1;1;1;1;1;1,1
11603,8,12,1,0,1,-,1;1;1;1;1;1;1;0,1
11604,7,13,1,1,0,-,1;1;1;1;1;1;1,1
11605,8,13,1,0,0,-,1;1;1;1;1;1;1;1,1
11607,9,13,1,0,1,-,1;1;1;1;1;1;1;1;0,1
11612,8,14,1,1,0,-,1;1;1;1;1;1;1;1,1
11613,9,14,1,0,0,-,1;1;1;1;1;1;1;1;1,1
11615,10,14,1,0,1,-,1;1;1;1;1;1;1;1;1;0,1
11616,6,12,1,1,0,-,1;1;1;1;1;1,1
11617,7,13,1,1,0,-,1;1;1;1;1;1;1,1
11618,7,13,1,1,0,-,1;1;1;1;1;1;1,1
11619,8,13,1,0,0,-,1;1;1;1;1;1;1;1,1
11620,7,13,1,1,0,-,1;1;1;1;1;1;1,1
11621,8,13,1,1,1,-,1;1;1;1;1;1;1;0,1
11622,8,13,1,0,0,-,1;1;1;1;1;1;1;1,1
11623,9,13,1,0,1,-,1;1;1;1;1;1;1;1;0,1
11624,7,14,1,2,0,-,1;1;1;1;1;1;1,1
11625,8,14,1,1,0,-,1;1;1;1;1;1;1;1,1
11626,8,14,1,1,0,-,1;1;1;1;1;1;1;1,1
11627,9,14,1,0,0,-,1;1;1;1;1;1;1;1;1,1
11628,8,14,1,1,0,-,1;1;1;1;1;1;1;1,1
11629,9,14,1,1,1,-,1;1;1;1;1;1;1;1;0,1
11630,9,14,1,0,0,-,1;1;1;1;1;1;1;1;1,1
11631,10,14,1,0,1,-,1;1;1;1;1;1;1;1;1;0,1
11632,7,12,1,0,0,-,1;1;1;1;1;1;1,1
11633,8,13,1,0,0,-,1;1;1;1;1;1;1;1,1
11634,8,13,1,0,0,-,1;1;1;1;1;1;1;1,1
11635,9,13,1,0,1,-,1;1;1;1;1;1;1;1;0,1
11636,8,13,1,0,0,-,1;1;1;1;1;1;1;1,1
11637,9,13,1,0,1,-,1;1;1;1;1;1;1;1;0,1
11638,9,13,1,0,1,-,1;1;1;1;1;1;1;1;0,1
11639,10,13,1,0,2,-,1;1;1;1;1;1;1;1;0;0,1
11640,8,14,1,1,0,-,1;1;1;1;1;1;1;1,1
11641,9,14,1,0,0,-,1;1;1;1;1;1;1;1;1,1
11642,9,14,1,0,0,-,1;1;1;1;1;1;1;1;1,1
11643,10,14,1,0,1,-,1;1;1;1;1;1;1;1;1;0,1
11644,9,14,1,0,0,-,1;1;1;1;1;1;1;1;1,1
11645,10,14,1,0,1,-,1;1;1;1;1;1;1;1;1;0,1
11646,10,14,1,0,1,-,1;1;1;1;1;1;1;1;1;0,1
11647,11,14,1,0,2,-,1;1;1;1;1;1;1;1;1;0;0,1
11744,7,12,1,0,0,-,1;1;1;1;1;1;1,1
11745,8,13,1,0,0,-,1;1;1;1;1;1;1;1,1
11747,9,13,1,0,1,-,1;1;1;1;1;1;1;1;0,1
11748,8,13,1,0,0,-,1;1;1;1;1;1;1;1,1
11749,9,13,1,0,1,-,1;1;1;1;1;1;1;1;0,1
11751,10,13,1,0,2,-,1;1;1;1;1;1;1;1;0;0,1
11752,8,14,1,1,0,-,1;1;1;1;1;1;1;1,1
11753,9,14,1,0,0,-,1;1;1;1;1;1;1;1;1,1
11755,10,14,1,0,1,-,1;1;1;1;1;1;1;1;1;0,1
11756,9,14,1,0,0,-,1;1;1;1;1;1;1;1;1,1
11757,10,14,1,0,1,-,1;1;1;1;1;1;1;1;1;0,1
11759,11,14,1,0,2,-,1;1;1;1;1;1;1;1;1;0;0,1
11760,8,12,1,0,1,-,1;1;1;1;1;1;1;0,1
11761,9,13,1,0,1,-,1;1;1;1;1;1;1;1;0,1
11763,10,13,1,0,2,-,1;1;1;1;1;1;1;1;0;0,1
11764,9,13,1,0,1,-,1;1;1;1;1;1;1;1;0,1
11765,10,13,1,0,2,-,1;1;1;1;1;1;1;1;0;0,1
11767,11,13,1,0,3,-,1;1;1;1;1;1;1;1;0;0;0,1
11768,9,14,1,1,1,-,1;1;1;1;1;1;1;1;0,1
11769,10,14,1,0,1,-,1;1;1;1;1;1;1;1;1;0,1
11771,11,14,1,0,2,-,1;1;1;1;1;1;1;1;1;0;0,1
11772,10,14,1,0,1,-,1;1;1;1;1;1;1;1;1;0,1
11773,11,14,1,0,2,-,1;1;1;1;1;1;1;1;1;0;0,1
11775,12,14,1,0,3,-,1;1;1;1;1;1;1;1;1;0;0;0,1
12112,7,13,1,1,0,-,1;1;1;1;1;1;1,1
12113,8,14,1,1,0,-,1;1;1;1;1;1;1;1,1
12115,9,14,1,1,1,-,1;1;1;1;1;1;1;1;0,1
12116,8,14,1,1,0,-,1;1;1;1;1;1;1;1,1
12117,9,14,1,0,0,-,1;1;1;1;1;1;1;1;1,1
12119,10,14,1,0,1,-,1;1;1;1;1;1;1;1;1;0,1
12120,8,15,1,2,0,-,1;1;1;1;1;1;1;1,1
12121,9,15,1,1,0,-,1;1;1;1;1;1;1;1;1,1
12123,10,15,1,1,1,-,1;1;1;1;1;1;1;1;1;0,1
12124,9,15,1,1,0,-,1;1;1;1;1;1;1;1;1,1
12125,10,15,1,0,0,-,1;1;1;1;1;1;1;1;1;1,1
12127,11,15,1,0,1,-,1;1;1;1;1;1;1;1;1;1;0,1
12144,8,13,1,0,0,-,1;1;1;1;1;1;1;1,1
12145,9,14,1,0,0,-,1;1;1;1;1;1;1;1;1,1
12146,9,14,1,0,0,-,1;1;1;1;1;1;1;1;1,1
12147,10,14,1,0,1,-,1;1;1;1;1;1;1;1;1;0,1
12150,10,14,1,0,1,-,1;1;1;1;1;1;1;1;1;0,1
12151,11,14,1,0,2,-,1;1;1;1;1;1;1;1;1;0;0,1
12152,9,15,1,1,0,-,1;1;1;1;1;1;1;1;1,1
12153,10,15,1,0,0,-,1;1;1;1;1;1;1;1;1;1,1
12154,10,15,1,0,0,-,1;1;1;1;1;1;1;1;1;1,1
12155,11,15,1,0,1,-,1;1;1;1;1;1;1;1;1;1;0,1
12158,11,15,1,0,1,-,1;1;1;1;1;1;1;1;1;1;0,1
12159,12,15,1,0,2,-,1;1;1;1;1;1;1;1;1;1;0;0,1
12272,9,13,1,0,1,-,1;1;1;1;1;1;1;1;0,1
12273,10,14,1,0,1,-,1;1;1;1;1;1;1;1;1;0,1
12275,11,14,1,0,2,-,1;1;1;1;1;1;1;1;1;0;0,1
12279,12,14,1,0,3,-,1;1;1;1;1;1;1;1;1;0;0;0,1
12280,10,15,1,1,1,-,1;1;1;1;1;1;1;1;1;0,1
12281,11,15,1,0,1,-,1;1;1;1;1;1;1;1;1;1;0,1
12283,12,15,1,0,2,-,1;1;1;1;1;1;1;1;1;1;0;0,1
12287,13,15,1,0,3,-,1;1;1;1;1;1;1;1;1;1;0;0;0,1
12486,6,11,1,1,1,-,1;1;1;1;1;0,1
12487,7,11,1,0,1,-,1;1;1;1;1;1;0,1
12495,8,11,1,0,2,-,1;1;1;1;1;1;0;0,1
12502,7,12,1,1,1,-,1;1;1;1;1;1;0,1
12503,8,12,1,0,1,-,1;1;1;1;1;1;1;0,1
12508,7,12,1,0,0,-,1;1;1;1;1;1;1,1
12509,8,12,1,0,1,-,1;1;1;1;1;1;1;0,1
12511,9,12,1,0,2,-,1;1;1;1;1;1;1;0;0,1
12534,8,13,1,1,1,-,1;1;1;1;1;1;1;0,1
12535,9,13,1,0,1,-,1;1;1;1;1;1;1;1;0,1
12536,7,13,1,1,0,-,1;1;1;1;1;1;1,1
12537,8,13,1,1,1,-,1;1;1;1;1;1;1;0,1
12538,8,13,1,0,0,-,1;1;1;1;1;1;1;1,1
12539,9,13,1,0,1,-,1;1;1;1;1;1;1;1;0,1
12542,9,13,1,0,1,-,1;1;1;1;1;1;1;1;0,1
12543,10,13,1,0,2,-,1;1;1;1;1;1;1;1;0;0,1
12576,4,12,1,3,0,-,1;1;1;1,1
12577,5,13,1,3,0,-,1;1;1;1;1,1
12579,6,13,1,2,0,-,1;1;1;1;1;1,1
12581,6,13,1,2,0,-,1;1;1;1;1;1,1
12583,7,13,1,1,0,-,1;1;1;1;1;1;1,1
12591,8,13,1,0,0,-,1;1;1;1;1;1;1;1,1
12593,6,14,1,3,0,-,1;1;1;1;1;1,1
12595,7,14,1,2,0,-,1;1;1;1;1;1;1,1
12596,6,14,1,3,0,-,1;1;1;1;1;1,1
12597,7,14,1,2,0,-,1;1;1;1;1;1;1,1
12598,7,14,1,2,0,-,1;1;1;1;1;1;1,1
12599,8,14,1,1,0,-,1;1;1;1;1;1;1;1,1
12604,7,14,1,2,0,-,1;1;1;1;1;1;1,1
12605,8,14,1,1,0,-,1;1;1;1;1;1;1;1,1
12607,9,14,1,0,0,-,1;1;1;1;1;1;1;1;1,1
12640,5,12,1,2,0,-,1;1;1;1;1,1
12641,6,13,1,2,0,-,1;1;1;1;1;1,1
12642,6,13,1,2,0,-,1;1;1;1;1;1,1
12643,7,13,1,1,0,-,1;1;1;1;1;1;1,1
12645,7,13,1,1,0,-,1;1;1;1;1;1;1,1
12646,7,13,1,1,0,-,1;1;1;1;1;1;1,1
12647,8,13,1,0,0,-,1;1;1;1;1;1;1;1,1
12649,7,13,1,2,1,-,1;1;1;1;1;1;0,1
12651,8,13,1,1,1,-,1;1;1;1;1;1;1;0,1
12655,9,13,1,0,1,-,1;1;1;1;1;1;1;1;0,1
12657,7,14,1,2,0,-,1;1;1;1;1;1;1,1
12658,7,14,1,2,0,-,1;1;1;1;1;1;1,1
12659,8,14,1,1,0,-,1;1;1;1;1;1;1;1,1
12660,7,14,1,2,0,-,1;1;1;1;1;1;1,1
12661,8,14,1,1,0,-,1;1;1;1;1;1;1;1,1
12662,8,14,1,1,0,-,1;1;1;1;1;1;1;1,1
12663,9,14,1,0,0,-,1;1;1;1;1;1;1;1;1,1
12664,7,14,1,2,0,-,1;1;1;1;1;1;1,1
12665,8,14,1,2,1,-,1;1;1;1;1;1;1;0,1
12666,8,14,1,1,0,-,1;1;1;1;1;1;1;1,1
12667,9,14,1,1,1,-,1;1;1;1;1;1;1;1;0,1
12668,8,14,1,1,0,-,1;1;1;1;1;1;1;1,1
12669,9,14,1,1,1,-,1;1;1;1;1;1;1;1;0,1
12670,9,14,1,0,0,-,1;1;1;1;1;1;1;1;1,1
12671,10,14,1,0,1,-,1;1;1;1;1;1;1;1;1;0,1
12768,6,12,1,1,0,-,1;1;1;1;1;1,1
12769,7,13,1,1,0,-,1;1;1;1;1;1;1,1
12771,8,13,1,0,0,-,1;1;1;1;1;1;1;1,1
12773,8,13,1,0,0,-,1;1;1;1;1;1;1;1,1
12774,8,13,1,1,1,-,1;1;1;1;1;1;1;0,1
12775,9,13,1,0,1,-,1;1;1;1;1;1;1;1;0,1
12783,10,13,1,0,2,-,1;1;1;1;1;1;1;1;0;0,1
12784,7,13,1,1,0,-,1;1;1;1;1;1;1,1
12785,8,14,1,1,0,-,1;1;1;1;1;1;1;1,1
12787,9,14,1,0,0,-,1;1;1;1;1;1;1;1;1,1
12788,8,14,1,1,0,-,1;1;1;1;1;1;1;1,1
12789,9,14,1,0,0,-,1;1;1;1;1;1;1;1;1,1
12790,9,14,1,1,1,-,1;1;1;1;1;1;1;1;0,1
12791,10,14,1,0,1,-,1;1;1;1;1;1;1;1;1;0,1
12796,9,14,1,0,0,-,1;1;1;1;1;1;1;1;1,1
12797,10,14,1,0,1,-,1;1;1;1;1;1;1;1;1;0,1
12799,11,14,1,0,2,-,1;1;1;1;1;1;1;1;1;0;0,1
13104,6,14,1,3,0,-,1;1;1;1;1;1,1
13105,7,15,1,3,0,-,1;1;1;1;1;1;1,1
13107,8,15,1,2,0,-,1;1;1;1;1;1;1;1,1
13110,8,15,1,2,0,-,1;1;1;1;1;1;1;1,1
13111,9,15,1,1,0,-,1;1;1;1;1;1;1;1;1,1
13119,10,15,1,0,0,-,1;1;1;1;1;1;1;1;1;1,1
13168,7,14,1,2,0,-,1;1;1;1;1;1;1,1
13169,8,15,1,2,0,-,1;1;1;1;1;1;1;1,1
13170,8,15,1,2,0,-,1;1;1;1;1;1;1;1,1
13171,9,15,1,1,0,-,1;1;1;1;1;1;1;1;1,1
13174,9,15,1,1,0,-,1;1;1;1;1;1;1;1;1,1
13175,10,15,1,0,0,-,1;1;1;1;1;1;1;1;1;1,1
13177,9,15,1,2,1,-,1;1;1;1;1;1;1;1;0,1
13179,10,15,1,1,1,-,1;1;1;1;1;1;1;1;1;0,1
13183,11,15,1,0,1,-,1;1;1;1;1;1;1;1;1;1;0,1
13296,8,14,1,1,0,-,1;1;1;1;1;1;1;1,1
13297,9,15,1,1,0,-,1;1;1;1;1;1;1;1;1,1
13299,10,15,1,0,0,-,1;1;1;1;1;1;1;1;1;1,1
13302,10,15,1,1,1,-,1;1;1;1;1;1;1;1;1;0,1
13303,11,15,1,0,1,-,1;1;1;1;1;1;1;1;1;1;0,1
13311,12,15,1,0,2,-,1;1;1;1;1;1;1;1;1;1;0;0,1
13526,8,12,1,0,1,-,1;1;1;1;1;1;1;0,1
13527,9,12,1,0,2,-,1;1;1;1;1;1;1;0;0,1
13532,8,12,1,0,1,-,1;1;1;1;1;1;1;0,1
13533,9,12,1,0,2,-,1;1;1;1;1;1;1;0;0,1
13535,10,12,1,0,3,-,1;1;1;1;1;1;1;0;0;0,1
13542,8,13,1,1,1,-,1;1;1;1;1;1;1;0,1
13543,9,13,1,0,1,-,1;1;1;1;1;1;1;1;0,1
13544,7,13,1,1,0,-,1;1;1;1;1;1;1,1
13545,8,13,1,1,1,-,1;1;1;1;1;1;1;0,1
13546,8,13,1,0,0,-,1;1;1;1;1;1;1;1,1
13547,9,13,1,0,1,-,1;1;1;1;1;1;1;1;0,1
13550,9,13,1,0,1,-,1;1;1;1;1;1;1;1;0,1
13551,10,13,1,0,2,-,1;1;1;1;1;1;1;1;0;0,1
13558,9,13,1,0,1,-,1;1;1;1;1;1;1;1;0,1
13559,10,13,1,0,2,-,1;1;1;1;1;1;1;1;0;0,1
13560,8,13,1,0,0,-,1;1;1;1;1;1;1;1,1
13561,9,13,1,0,1,-,1;1;1;1;1;1;1;1;0,1
13562,9,13,1,0,1,-,1;1;1;1;1;1;1;1;0,1
13563,10,13,1,0,2,-,1;1;1;1;1;1;1;1;0;0,1
13564,9,13,1,0,1,-,1;1;1;1;1;1;1;1;0,1
13565,10,13,1,0,2,-,1;1;1;1;1;1;1;1;0;0,1
13566,10,13,1,0,2,-,1;1;1;1;1;1;1;1;0;0,1
13567,11,13,1,0,3,-,1;1;1;1;1;1;1;1;0;0;0,1
13619,8,14,1,2,1,-,1;1;1;1;1;1;1;0,1
13620,7,14,1,2,0,-,1;1;1;1;1;1;1,1
13621,8,14,1,1,0,-,1;1;1;1;1;1;1;1,1
13623,9,14,1,1,1,-,1;1;1;1;1;1;1;1;0,1
13628,8,14,1,1,0,-,1;1;1;1;1;1;1;1,1
13629,9,14,1,0,0,-,1;1;1;1;1;1;1;1;1,1
13631,10,14,1,0,1,-,1;1;1;1;1;1;1;1;1;0,1
13666,7,14,1,2,0,-,1;1;1;1;1;1;1,1
13667,8,14,1,1,0,-,1;1;1;1;1;1;1;1,1
13668,7,14,1,2,0,-,1;1;1;1;1;1;1,1
13669,8,14,1,1,0,-,1;1;1;1;1;1;1;1,1
13670,8,14,1,1,0,-,1;1;1;1;1;1;1;1,1
13671,9,14,1,0,0,-,1;1;1;1;1;1;1;1;1,1
13672,7,14,1,2,0,-,1;1;1;1;1;1;1,1
13673,8,14,1,2,1,-,1;1;1;1;1;1;1;0,1
13674,8,14,1,1,0,-,1;1;1;1;1;1;1;1,1
13675,9,14,1,1,1,-,1;1;1;1;1;1;1;1;0,1
13676,8,14,1,1,0,-,1;1;1;1;1;1;1;1,1
13677,9,14,1,1,1,-,1;1;1;1;1;1;1;1;0,1
13678,9,14,1,0,0,-,1;1;1;1;1;1;1;1;1,1
13679,10,14,1,0,1,-,1;1;1;1;1;1;1;1;1;0,1
13683,9,14,1,1,1,-,1;1;1;1;1;1;1;1;0,1
13684,8,14,1,1,0,-,1;1;1;1;1;1;1;1,1
13685,9,14,1,0,0,-,1;1;1;1;1;1;1;1;1,1
13686,9,14,1,0,0,-,1;1;1;1;1;1;1;1;1,1
13687,10,14,1,0,1,-,1;1;1;1;1;1;1;1;1;0,1
13688,8,14,1,1,0,-,1;1;1;1;1;1;1;1,1
13689,9,14,1,1,1,-,1;1;1;1;1;1;1;1;0,1
13690,9,14,1,1,1,-,1;1;1;1;1;1;1;1;0,1
13691,10,14,1,1,2,-,1;1;1;1;1;1;1;1;0;0,1
13692,9,14,1,0,0,-,1;1;1;1;1;1;1;1;1,1
13693,10,14,1,0,1,-,1;1;1;1;1;1;1;1;1;0,1
13694,10,14,1,0,1,-,1;1;1;1;1;1;1;1;1;0,1
13695,11,14,1,0,2,-,1;1;1;1;1;1;1;1;1;0;0,1
13792,7,13,1,1,0,-,1;1;1;1;1;1;1,1
13793,8,14,1,1,0,-,1;1;1;1;1;1;1;1,1
13795,9,14,1,0,0,-,1;1;1;1;1;1;1;1;1,1
13796,8,14,1,1,0,-,1;1;1;1;1;1;1;1,1
13797,9,14,1,0,0,-,1;1;1;1;1;1;1;1;1,1
13798,9,14,1,1,1,-,1;1;1;1;1;1;1;1;0,1
13799,10,14,1,0,1,-,1;1;1;1;1;1;1;1;1;0,1
13804,9,14,1,0,0,-,1;1;1;1;1;1;1;1;1,1
13805,10,14,1,0,1,-,1;1;1;1;1;1;1;1;1;0,1
13807,11,14,1,0,2,-,1;1;1;1;1;1;1;1;1;0;0,1
13808,8,13,1,0,0,-,1;1;1;1;1;1;1;1,1
13809,9,14,1,0,0,-,1;1;1;1;1;1;1;1;1,1
13811,10,14,1,0,1,-,1;1;1;1;1;1;1;1;1;0,1
13812,9,14,1,0,0,-,1;1;1;1;1;1;1;1;1,1
13813,10,14,1,0,1,-,1;1;1;1;1;1;1;1;1;0,1
13814,10,14,1,0,1,-,1;1;1;1;1;1;1;1;1;0,1
13815,11,14,1,0,2,-,1;1;1;1;1;1;1;1;1;0;0,1
13820,10,14,1,0,1,-,1;1;1;1;1;1;1;1;1;0,1
13821,11,14,1,0,2,-,1;1;1;1;1;1;1;1;1;0;0,1
13823,12,14,1,0,3,-,1;1;1;1;1;1;1;1;1;0;0;0,1
13906,7,13,1,1,0,-,1;1;1;1;1;1;1,1
13907,8,13,1,1,1,-,1;1;1;1;1;1;1;0,1
13910,8,13,1,0,0,-,1;1;1;1;1;1;1;1,1
13911,9,13,1,0,1,-,1;1;1;1;1;1;1;1;0,1
13914,8,13,1,1,1,-,1;1;1;1;1;1;1;0,1
13915,9,13,1,1,2,-,1;1;1;1;1;1;1;0;0,1
13918,9,13,1,0,1,-,1;1;1;1;1;1;1;1;0,1
13919,10,13,1,0,2,-,1;1;1;1;1;1;1;1;0;0,1
13938,8,14,1,1,0,-,1;1;1;1;1;1;1;1,1
13939,9,14,1,1,1,-,1;1;1;1;1;1;1;1;0,1
13942,9,14,1,0,0,-,1;1;1;1;1;1;1;1;1,1
13943,10,14,1,0,1,-,1;1;1;1;1;1;1;1;1;0,1
13944,8,14,1,1,0,-,1;1;1;1;1;1;1;1,1
13945,9,14,1,1,1,-,1;1;1;1;1;1;1;1;0,1
13946,9,14,1,1,1,-,1;1;1;1;1;1;1;1;0,1
13947,10,14,1,1,2,-,1;1;1;1;1;1;1;1;0;0,1
13948,9,14,1,0,0,-,1;1;1;1;1;1;1;1;1,1
13949,10,14,1,0,1,-,1;1;1;1;1;1;1;1;1;0,1
13950,10,14,1,0,1,-,1;1;1;1;1;1;1;1;1;0,1
13951,11,14,1,0,2,-,1;1;1;1;1;1;1;1;1;0;0,1
14001,8,14,1,1,0,-,1;1;1;1;1;1;1;1,1
14002,8,14,1,1,0,-,1;1;1;1;1;1;1;1,1
14003,9,14,1,1,1,-,1;1;1;1;1;1;1;1;0,1
14004,8,14,1,1,0,-,1;1;1;1;1;1;1;1,1
14005,9,14,1,1,1,-,1;1;1;1;1;1;1;1;0,1
14006,9,14,1,1,1,-,1;1;1;1;1;1;1;1;0,1
14007,10,14,1,1,2,-,1;1;1;1;1;1;1;1;0;0,1
14008,8,14,1,1,0,-,1;1;1;1;1;1;1;1,1
14009,9,14,1,0,0,-,1;1;1;1;1;1;1;1;1,1
14010,9,14,1,0,0,-,1;1;1;1;1;1;1;1;1,1
14011,10,14,1,0,1,-,1;1;1;1;1;1;1;1;1;0,1
14012,9,14,1,0,0,-,1;1;1;1;1;1;1;1;1,1
14013,10,14,1,0,1,-,1;1;1;1;1;1;1;1;1;0,1
14014,10,14,1,0,1,-,1;1;1;1;1;1;1;1;1;0,1
14015,11,14,1,0,2,-,1;1;1;1;1;1;1;1;1;0;0,1
14016,6,12,1,1,0,-,1;1;1;1;1;1,1
14017,7,13,1,1,0,-,1;1;1;1;1;1;1,1
14019,8,13,1,0,0,-,1;1;1;1;1;1;1;1,1
14021,8,13,1,0,0,-,1;1;1;1;1;1;1;1,1
14022,8,13,1,1,1,-,1;1;1;1;1;1;1;0,1
14023,9,13,1,0,1,-,1;1;1;1;1;1;1;1;0,1
14031,10,13,1,0,2,-,1;1;1;1;1;1;1;1;0;0,1
14032,7,12,1,0,0,-,1;1;1;1;1;1;1,1
14033,8,13,1,0,0,-,1;1;1;1;1;1;1;1,1
14035,9,13,1,0,1,-,1;1;1;1;1;1;1;1;0,1
14036,8,13,1,0,0,-,1;1;1;1;1;1;1;1,1
14037,9,13,1,0,1,-,1;1;1;1;1;1;1;1;0,1
14038,9,13,1,0,1,-,1;1;1;1;1;1;1;1;0,1
14039,10,13,1,0,2,-,1;1;1;1;1;1;1;1;0;0,1
14044,9,13,1,0,1,-,1;1;1;1;1;1;1;1;0,1
14045,10,13,1,0,2,-,1;1;1;1;1;1;1;1;0;0,1
14047,11,13,1,0,3,-,1;1;1;1;1;1;1;1;0;0;0,1
14049,8,14,1,1,0,-,1;1;1;1;1;1;1;1,1
14050,8,14,1,1,0,-,1;1;1;1;1;1;1;1,1
14051,9,14,1,0,0,-,1;1;1;1;1;1;1;1;1,1
14052,8,14,1,1,0,-,1;1;1;1;1;1;1;1,1
14053,9,14,1,0,0,-,1;1;1;1;1;1;1;1;1,1
14054,9,14,1,1,1,-,1;1;1;1;1;1;1;1;0,1
14055,10,14,1,0,1,-,1;1;1;1;1;1;1;1;1;0,1
14056,8,14,1,1,0,-,1;1;1;1;1;1;1;1,1
14057,9,14,1,1,1,-,1;1;1;1;1;1;1;1;0,1
14058,9,14,1,0,0,-,1;1;1;1;1;1;1;1;1,1
14059,10,14,1,0,1,-,1;1;1;1;1;1;1;1;1;0,1
14060,9,14,1,0,0,-,1;1;1;1;1;1;1;1;1,1
14061,10,14,1,0,1,-,1;1;1;1;1;1;1;1;1;0,1
14062,10,14,1,0,1,-,1;1;1;1;1;1;1;1;1;0,1
14063,11,14,1,0,2,-,1;1;1;1;1;1;1;1;1;0;0,1
14065,9,14,1,0,0,-,1;1;1;1;1;1;1;1;1,1
14066,9,14,1,0,0,-,1;1;1;1;1;1;1;1;1,1
14067,10,14,1,0,1,-,1;1;1;1;1;1;1;1;1;0,1
14068,9,14,1,0,0,-,1;1;1;1;1;1;1;1;1,1
14069,10,14,1,0,1,-,1;1;1;1;1;1;1;1;1;0,1
14070,10,14,1,0,1,-,1;1;1;1;1;1;1;1;1;0,1
14071,11,14,1,0,2,-,1;1;1;1;1;1;1;1;1;0;0,1
14072,9,14,1,0,0,-,1;1;1;1;1;1;1;1;1,1
14073,10,14,1,0,1,-,1;1;1;1;1;1;1;1;1;0,1
14074,10,14,1,0,1,-,1;1;1;1;1;1;1;1;1;0,1
14075,11,14,1,0,2,-,1;1;1;1;1;1;1;1;1;0;0,1
14076,10,14,1,0,1,-,1;1;1;1;1;1;1;1;1;0,1
14077,11,14,1,0,2,-,1;1;1;1;1;1;1;1;1;0;0,1
14078,11,14,1,0,2,-,1;1;1;1;1;1;1;1;1;0;0,1
14079,12,14,1,0,3,-,1;1;1;1;1;1;1;1;1;0;0;0,1
14112,6,14,1,3,0,-,1;1;1;1;1;1,1
14113,7,15,1,3,0,-,1;1;1;1;1;1;1,1
14115,8,15,1,2,0,-,1;1;1;1;1;1;1;1,1
14117,8,15,1,2,0,-,1;1;1;1;1;1;1;1,1
14119,9,15,1,1,0,-,1;1;1;1;1;1;1;1;1,1
14127,10,15,1,0,0,-,1;1;1;1;1;1;1;1;1;1,1
14128,7,14,1,2,0,-,1;1;1;1;1;1;1,1
14129,8,15,1,2,0,-,1;1;1;1;1;1;1;1,1
14131,9,15,1,2,1,-,1;1;1;1;1;1;1;1;0,1
14132,8,15,1,2,0,-,1;1;1;1;1;1;1;1,1
14133,9,15,1,1,0,-,1;1;1;1;1;1;1;1;1,1
14134,9,15,1,1,0,-,1;1;1;1;1;1;1;1;1,1
14135,10,15,1,1,1,-,1;1;1;1;1;1;1;1;1;0,1
14140,9,15,1,1,0,-,1;1;1;1;1;1;1;1;1,1
14141,10,15,1,0,0,-,1;1;1;1;1;1;1;1;1;1,1
14143,11,15,1,0,1,-,1;1;1;1;1;1;1;1;1;1;0,1
14176,7,14,1,2,0,-,1;1;1;1;1;1;1,1
14177,8,15,1,2,0,-,1;1;1;1;1;1;1;1,1
14178,8,15,1,2,0,-,1;1;1;1;1;1;1;1,1
14179,9,15,1,1,0,-,1;1;1;1;1;1;1;1;1,1
14180,8,15,1,2,0,-,1;1;1;1;1;1;1;1,1
14181,9,15,1,1,0,-,1;1;1;1;1;1;1;1;1,1
14182,9,15,1,1,0,-,1;1;1;1;1;1;1;1;1,1
14183,10,15,1,0,0,-,1;1;1;1;1;1;1;1;1;1,1
14184,8,15,1,2,0,-,1;1;1;1;1;1;1;1,1
14185,9,15,1,2,1,-,1;1;1;1;1;1;1;1;0,1
14186,9,15,1,1,0,-,1;1;1;1;1;1;1;1;1,1
14187,10,15,1,1,1,-,1;1;1;1;1;1;1;1;1;0,1
14188,9,15,1,1,0,-,1;1;1;1;1;1;1;1;1,1
14189,10,15,1,1,1,-,1;1;1;1;1;1;1;1;1;0,1
14190,10,15,1,0,0,-,1;1;1;1;1;1;1;1;1;1,1
14191,11,15,1,0,1,-,1;1;1;1;1;1;1;1;1;1;0,1
14192,8,14,1,1,0,-,1;1;1;1;1;1;1;1,1
14193,9,15,1,1,0,-,1;1;1;1;1;1;1;1;1,1
14194,9,15,1,1,0,-,1;1;1;1;1;1;1;1;1,1
14195,10,15,1,1,1,-,1;1;1;1;1;1;1;1;1;0,1
14196,9,15,1,1,0,-,1;1;1;1;1;1;1;1;1,1
14197,10,15,1,0,0,-,1;1;1;1;1;1;1;1;1;1,1
14198,10,15,1,0,0,-,1;1;1;1;1;1;1;1;1;1,1
14199,11,15,1,0,1,-,1;1;1;1;1;1;1;1;1;1;0,1
14200,9,15,1,1,0,-,1;1;1;1;1;1;1;1;1,1
14201,10,15,1,1,1,-,1;1;1;1;1;1;1;1;1;0,1
14202,10,15,1,1,1,-,1;1;1;1;1;1;1;1;1;0,1
14203,11,15,1,1,2,-,1;1;1;1;1;1;1;1;1;0;0,1
14204,10,15,1,0,0,-,1;1;1;1;1;1;1;1;1;1,1
14205,11,15,1,0,1,-,1;1;1;1;1;1;1;1;1;1;0,1
14206,11,15,1,0,1,-,1;1;1;1;1;1;1;1;1;1;0,1
14207,12,15,1,0,2,-,1;1;1;1;1;1;1;1;1;1;0;0,1
14304,8,14,1,1,0,-,1;1;1;1;1;1;1;1,1
14305,9,15,1,1,0,-,1;1;1;1;1;1;1;1;1,1
14307,10,15,1,0,0,-,1;1;1;1;1;1;1;1;1;1,1
14308,9,15,1,1,0,-,1;1;1;1;1;1;1;1;1,1
14309,10,15,1,0,0,-,1;1;1;1;1;1;1;1;1;1,1
14310,10,15,1,1,1,-,1;1;1;1;1;1;1;1;1;0,1
14311,11,15,1,0,1,-,1;1;1;1;1;1;1;1;1;1;0,1
14316,10,15,1,0,0,-,1;1;1;1;1;1;1;1;1;1,1
14317,11,15,1,0,1,-,1;1;1;1;1;1;1;1;1;1;0,1
14319,12,15,1,0,2,-,1;1;1;1;1;1;1;1;1;1;0;0,1
14320,9,14,1,0,0,-,1;1;1;1;1;1;1;1;1,1
14321,10,15,1,0,0,-,1;1;1;1;1;1;1;1;1;1,1
14323,11,15,1,0,1,-,1;1;1;1;1;1;1;1;1;1;0,1
14324,10,15,1,0,0,-,1;1;1;1;1;1;1;1;1;1,1
14325,11,15,1,0,1,-,1;1;1;1;1;1;1;1;1;1;0,1
14326,11,15,1,0,1,-,1;1;1;1;1;1;1;1;1;1;0,1
14327,12,15,1,0,2,-,1;1;1;1;1;1;1;1;1;1;0;0,1
14332,11,15,1,0,1,-,1;1;1;1;1;1;1;1;1;1;0,1
14333,12,15,1,0,2,-,1;1;1;1;1;1;1;1;1;1;0;0,1
14335,13,15,1,0,3,-,1;1;1;1;1;1;1;1;1;1;0;0;0,1
15606,10,13,1,0,2,-,1;1;1;1;1;1;1;1;0;0,1
15607,11,13,1,0,3,-,1;1;1;1;1;1;1;1;0;0;0,1
15608,9,13,1,0,1,-,1;1;1;1;1;1;1;1;0,1
15609,10,13,1,0,2,-,1;1;1;1;1;1;1;1;0;0,1
15610,10,13,1,0,2,-,1;1;1;1;1;1;1;1;0;0,1
15611,11,13,1,0,3,-,1;1;1;1;1;1;1;1;0;0;0,1
15614,11,13,1,0,3,-,1;1;1;1;1;1;1;1;0;0;0,1
15615,12,13,1,0,4,-,1;1;1;1;1;1;1;1;0;0;0;0,1
15732,9,14,1,0,0,-,1;1;1;1;1;1;1;1;1,1
15733,10,14,1,0,1,-,1;1;1;1;1;1;1;1;1;0,1
15734,10,14,1,0,1,-,1;1;1;1;1;1;1;1;1;0,1
15735,11,14,1,0,2,-,1;1;1;1;1;1;1;1;1;0;0,1
15740,10,14,1,0,1,-,1;1;1;1;1;1;1;1;1;0,1
15741,11,14,1,0,2,-,1;1;1;1;1;1;1;1;1;0;0,1
15742,11,14,1,0,2,-,1;1;1;1;1;1;1;1;1;0;0,1
15743,12,14,1,0,3,-,1;1;1;1;1;1;1;1;1;0;0;0,1
15795,10,14,1,1,2,-,1;1;1;1;1;1;1;1;0;0,1
15796,9,14,1,1,1,-,1;1;1;1;1;1;1;1;0,1
15797,10,14,1,1,2,-,1;1;1;1;1;1;1;1;0;0,1
15799,11,14,1,1,3,-,1;1;1;1;1;1;1;1;0;0;0,1
15800,9,14,1,1,1,-,1;1;1;1;1;1;1;1;0,1
15801,10,14,1,0,1,-,1;1;1;1;1;1;1;1;1;0,1
15803,11,14,1,0,2,-,1;1;1;1;1;1;1;1;1;0;0,1
15804,10,14,1,0,1,-,1;1;1;1;1;1;1;1;1;0,1
15805,11,14,1,0,2,-,1;1;1;1;1;1;1;1;1;0;0,1
15807,12,14,1,0,3,-,1;1;1;1;1;1;1;1;1;0;0;0,1
15827,10,14,1,0,1,-,1;1;1;1;1;1;1;1;1;0,1
15828,9,14,1,0,0,-,1;1;1;1;1;1;1;1;1,1
15829,10,14,1,0,1,-,1;1;1;1;1;1;1;1;1;0,1
15830,10,14,1,0,1,-,1;1;1;1;1;1;1;1;1;0,1
15831,11,14,1,0,2,-,1;1;1;1;1;1;1;1;1;0;0,1
15836,10,14,1,0,1,-,1;1;1;1;1;1;1;1;1;0,1
15837,11,14,1,0,2,-,1;1;1;1;1;1;1;1;1;0;0,1
15839,12,14,1,0,3,-,1;1;1;1;1;1;1;1;1;0;0;0,1
15842,9,14,1,0,0,-,1;1;1;1;1;1;1;1;1,1
15843,10,14,1,0,1,-,1;1;1;1;1;1;1;1;1;0,1
15844,9,14,1,0,0,-,1;1;1;1;1;1;1;1;1,1
15845,10,14,1,0,1,-,1;1;1;1;1;1;1;1;1;0,1
15846,10,14,1,0,1,-,1;1;1;1;1;1;1;1;1;0,1
15847,11,14,1,0,2,-,1;1;1;1;1;1;1;1;1;0;0,1
15848,9,14,1,0,0,-,1;1;1;1;1;1;1;1;1,1
15849,10,14,1,0,1,-,1;1;1;1;1;1;1;1;1;0,1
15850,10,14,1,0,1,-,1;1;1;1;1;1;1;1;1;0,1
15851,11,14,1,0,2,-,1;1;1;1;1;1;1;1;1;0;0,1
15852,10,14,1,0,1,-,1;1;1;1;1;1;1;1;1;0,1
15853,11,14,1,0,2,-,1;1;1;1;1;1;1;1;1;0;0,1
15854,11,14,1,0,2,-,1;1;1;1;1;1;1;1;1;0;0,1
15855,12,14,1,0,3,-,1;1;1;1;1;1;1;1;1;0;0;0,1
15859,11,14,1,0,2,-,1;1;1;1;1;1;1;1;1;0;0,1
15860,10,14,1,0,1,-,1;1;1;1;1;1;1;1;1;0,1
15861,11,14,1,0,2,-,1;1;1;1;1;1;1;1;1;0;0,1
15862,11,14,1,0,2,-,1;1;1;1;1;1;1;1;1;0;0,1
15863,12,14,1,0,3,-,1;1;1;1;1;1;1;1;1;0;0;0,1
15864,10,14,1,0,1,-,1;1;1;1;1;1;1;1;1;0,1
15865,11,14,1,0,2,-,1;1;1;1;1;1;1;1;1;0;0,1
15866,11,14,1,0,2,-,1;1;1;1;1;1;1;1;1;0;0,1
15867,12,14,1,0,3,-,1;1;1;1;1;1;1;1;1;0;0;0,1
15868,11,14,1,0,2,-,1;1;1;1;1;1;1;1;1;0;0,1
15869,12,14,1,0,3,-,1;1;1;1;1;1;1;1;1;0;0;0,1
15870,12,14,1,0,3,-,1;1;1;1;1;1;1;1;1;0;0;0,1
15871,13,14,1,0,4,-,1;1;1;1;1;1;1;1;1;0;0;0;0,1
16176,8,14,1,1,0,-,1;1;1;1;1;1;1;1,1
16177,9,15,1,1,0,-,1;1;1;1;1;1;1;1;1,1
16178,9,15,1,1,0,-,1;1;1;1;1;1;1;1;1,1
16179,10,15,1,1,1,-,1;1;1;1;1;1;1;1;1;0,1
16182,10,15,1,1,1,-,1;1;1;1;1;1;1;1;1;0,1
16183,11,15,1,1,2,-,1;1;1;1;1;1;1;1;1;0;0,1
16184,9,15,1,1,0,-,1;1;1;1;1;1;1;1;1,1
16185,10,15,1,0,0,-,1;1;1;1;1;1;1;1;1;1,1
16186,10,15,1,0,0,-,1;1;1;1;1;1;1;1;1;1,1
16187,11,15,1,0,1,-,1;1;1;1;1;1;1;1;1;1;0,1
16190,11,15,1,0,1,-,1;1;1;1;1;1;1;1;1;1;0,1
16191,12,15,1,0,2,-,1;1;1;1;1;1;1;1;1;1;0;0,1
16208,8,14,1,1,0,-,1;1;1;1;1;1;1;1,1
16209,9,15,1,1,0,-,1;1;1;1;1;1;1;1;1,1
16210,9,15,1,1,0,-,1;1;1;1;1;1;1;1;1,1
16211,10,15,1,1,1,-,1;1;1;1;1;1;1;1;1;0,1
16212,9,15,1,1,0,-,1;1;1;1;1;1;1;1;1,1
16213,10,15,1,0,0,-,1;1;1;1;1;1;1;1;1;1,1
16214,10,15,1,0,0,-,1;1;1;1;1;1;1;1;1;1,1
16215,11,15,1,0,1,-,1;1;1;1;1;1;1;1;1;1;0,1
16216,9,15,1,1,0,-,1;1;1;1;1;1;1;1;1,1
16217,10,15,1,1,1,-,1;1;1;1;1;1;1;1;1;0,1
16218,10,15,1,1,1,-,1;1;1;1;1;1;1;1;1;0,1
16219,11,15,1,1,2,-,1;1;1;1;1;1;1;1;1;0;0,1
16220,10,15,1,0,0,-,1;1;1;1;1;1;1;1;1;1,1
16221,11,15,1,0,1,-,1;1;1;1;1;1;1;1;1;1;0,1
16222,11,15,1,0,1,-,1;1;1;1;1;1;1;1;1;1;0,1
16223,12,15,1,0,2,-,1;1;1;1;1;1;1;1;1;1;0;0,1
16240,9,14,1,0,0,-,1;1;1;1;1;1;1;1;1,1
16241,10,15,1,0,0,-,1;1;1;1;1;1;1;1;1;1,1
16242,10,15,1,0,0,-,1;1;1;1;1;1;1;1;1;1,1
16243,11,15,1,0,1,-,1;1;1;1;1;1;1;1;1;1;0,1
16246,11,15,1,0,1,-,1;1;1;1;1;1;1;1;1;1;0,1
16247,12,15,1,0,2,-,1;1;1;1;1;1;1;1;1;1;0;0,1
16248,10,15,1,0,0,-,1;1;1;1;1;1;1;1;1;1,1
16249,11,15,1,0,1,-,1;1;1;1;1;1;1;1;1;1;0,1
16250,11,15,1,0,1,-,1;1;1;1;1;1;1;1;1;1;0,1
16251,12,15,1,0,2,-,1;1;1;1;1;1;1;1;1;1;0;0,1
16254,12,15,1,0,2,-,1;1;1;1;1;1;1;1;1;1;0;0,1
16255,13,15,1,0,3,-,1;1;1;1;1;1;1;1;1;1;0;0;0,1
16304,9,14,1,1,1,-,1;1;1;1;1;1;1;1;0,1
16305,10,15,1,1,1,-,1;1;1;1;1;1;1;1;1;0,1
16306,10,15,1,1,1,-,1;1;1;1;1;1;1;1;1;0,1
16307,11,15,1,1,2,-,1;1;1;1;1;1;1;1;1;0;0,1
16310,11,15,1,1,2,-,1;1;1;1;1;1;1;1;1;0;0,1
16311,12,15,1,1,3,-,1;1;1;1;1;1;1;1;1;0;0;0,1
16312,10,15,1,1,1,-,1;1;1;1;1;1;1;1;1;0,1
16313,11,15,1,0,1,-,1;1;1;1;1;1;1;1;1;1;0,1
16314,11,15,1,0,1,-,1;1;1;1;1;1;1;1;1;1;0,1
16315,12,15,1,0,2,-,1;1;1;1;1;1;1;1;1;1;0;0,1
16318,12,15,1,0,2,-,1;1;1;1;1;1;1;1;1;1;0;0,1
16319,13,15,1,0,3,-,1;1;1;1;1;1;1;1;1;1;0;0;0,1
16320,8,14,1,1,0,-,1;1;1;1;1;1;1;1,1
16321,9,15,1,1,0,-,1;1;1;1;1;1;1;1;1,1
16322,9,15,1,1,0,-,1;1;1;1;1;1;1;1;1,1
16323,10,15,1,0,0,-,1;1;1;1;1;1;1;1;1;1,1
16326,10,15,1,1,1,-,1;1;1;1;1;1;1;1;1;0,1
16327,11,15,1,0,1,-,1;1;1;1;1;1;1;1;1;1;0,1
16329,10,15,1,1,1,-,1;1;1;1;1;1;1;1;1;0,1
16331,11,15,1,0,1,-,1;1;1;1;1;1;1;1;1;1;0,1
16335,12,15,1,0,2,-,1;1;1;1;1;1;1;1;1;1;0;0,1
16336,9,14,1,0,0,-,1;1;1;1;1;1;1;1;1,1
16337,10,15,1,0,0,-,1;1;1;1;1;1;1;1;1;1,1
16338,10,15,1,0,0,-,1;1;1;1;1;1;1;1;1;1,1
16339,11,15,1,0,1,-,1;1;1;1;1;1;1;1;1;1;0,1
16340,10,15,1,0,0,-,1;1;1;1;1;1;1;1;1;1,1
16341,11,15,1,0,1,-,1;1;1;1;1;1;1;1;1;1;0,1
16342,11,15,1,0,1,-,1;1;1;1;1;1;1;1;1;1;0,1
16343,12,15,1,0,2,-,1;1;1;1;1;1;1;1;1;1;0;0,1
16344,10,15,1,0,0,-,1;1;1;1;1;1;1;1;1;1,1
16345,11,15,1,0,1,-,1;1;1;1;1;1;1;1;1;1;0,1
16346,11,15,1,0,1,-,1;1;1;1;1;1;1;1;1;1;0,1
16347,12,15,1,0,2,-,1;1;1;1;1;1;1;1;1;1;0;0,1
16348,11,15,1,0,1,-,1;1;1;1;1;1;1;1;1;1;0,1
16349,12,15,1,0,2,-,1;1;1;1;1;1;1;1;1;1;0;0,1
16350,12,15,1,0,2,-,1;1;1;1;1;1;1;1;1;1;0;0,1
16351,13,15,1,0,3,-,1;1;1;1;1;1;1;1;1;1;0;0;0,1
16368,10,14,1,0,1,-,1;1;1;1;1;1;1;1;1;0,1
16369,11,15,1,0,1,-,1;1;1;1;1;1;1;1;1;1;0,1
16370,11,15,1,0,1,-,1;1;1;1;1;1;1;1;1;1;0,1
16371,12,15,1,0,2,-,1;1;1;1;1;1;1;1;1;1;0;0,1
16374,12,15,1,0,2,-,1;1;1;1;1;1;1;1;1;1;0;0,1
16375,13,15,1,0,3,-,1;1;1;1;1;1;1;1;1;1;0;0;0,1
16376,11,15,1,0,1,-,1;1;1;1;1;1;1;1;1;1;0,1
16377,12,15,1,0,2,-,1;1;1;1;1;1;1;1;1;1;0;0,1
16378,12,15,1,0,2,-,1;1;1;1;1;1;1;1;1;1;0;0,1
16379,13,15,1,0,3,-,1;1;1;1;1;1;1;1;1;1;0;0;0,1
16382,13,15,1,0,3,-,1;1;1;1;1;1;1;1;1;1;0;0;0,1
16383,14,15,1,0,4,-,1;1;1;1;1;1;1;1;1;1;0;0;0;0,1
31200,8,12,1,0,1,-,1;1;1;1;1;1;1;0,1
31201,9,13,1,0,1,-,1;1;1;1;1;1;1;1;0,1
31203,10,13,1,0,2,-,1;1;1;1;1;1;1;1;0;0,1
31205,10,13,1,0,2,-,1;1;1;1;1;1;1;1;0;0,1
31207,11,13,1,0,3,-,1;1;1;1;1;1;1;1;0;0;0,1
31215,12,13,1,0,4,-,1;1;1;1;1;1;1;1;0;0;0;0,1
31217,10,14,1,0,1,-,1;1;1;1;1;1;1;1;1;0,1
31219,11,14,1,0,2,-,1;1;1;1;1;1;1;1;1;0;0,1
31220,10,14,1,0,1,-,1;1;1;1;1;1;1;1;1;0,1
31221,11,14,1,0,2,-,1;1;1;1;1;1;1;1;1;0;0,1
31223,12,14,1,0,3,-,1;1;1;1;1;1;1;1;1;0;0;0,1
31228,11,14,1,0,2,-,1;1;1;1;1;1;1;1;1;0;0,1
31229,12,14,1,0,3,-,1;1;1;1;1;1;1;1;1;0;0;0,1
31231,13,14,1,0,4,-,1;1;1;1;1;1;1;1;1;0;0;0;0,1
31440,8,14,1,1,0,-,1;1;1;1;1;1;1;1,1
31441,9,15,1,1,0,-,1;1;1;1;1;1;1;1;1,1
31443,10,15,1,0,0,-,1;1;1;1;1;1;1;1;1;1,1
31446,10,15,1,1,1,-,1;1;1;1;1;1;1;1;1;0,1
31447,11,15,1,0,1,-,1;1;1;1;1;1;1;1;1;1;0,1
31455,12,15,1,0,2,-,1;1;1;1;1;1;1;1;1;1;0;0,1
31472,9,14,1,0,0,-,1;1;1;1;1;1;1;1;1,1
31473,10,15,1,0,0,-,1;1;1;1;1;1;1;1;1;1,1
31474,10,15,1,0,0,-,1;1;1;1;1;1;1;1;1;1,1
31475,11,15,1,0,1,-,1;1;1;1;1;1;1;1;1;1;0,1
31477,11,15,1,0,1,-,1;1;1;1;1;1;1;1;1;1;0,1
31478,11,15,1,0,1,-,1;1;1;1;1;1;1;1;1;1;0,1
31479,12,15,1,0,2,-,1;1;1;1;1;1;1;1;1;1;0;0,1
31482,11,15,1,0,1,-,1;1;1;1;1;1;1;1;1;1;0,1
31483,12,15,1,0,2,-,1;1;1;1;1;1;1;1;1;1;0;0,1
31487,13,15,1,0,3,-,1;1;1;1;1;1;1;1;1;1;0;0;0,1
31728,10,14,1,0,1,-,1;1;1;1;1;1;1;1;1;0,1
31729,11,15,1,0,1,-,1;1;1;1;1;1;1;1;1;1;0,1
31731,12,15,1,0,2,-,1;1;1;1;1;1;1;1;1;1;0;0,1
31733,12,15,1,0,2,-,1;1;1;1;1;1;1;1;1;1;0;0,1
31735,13,15,1,0,3,-,1;1;1;1;1;1;1;1;1;1;0;0;0,1
31743,14,15,1,0,4,-,1;1;1;1;1;1;1;1;1;1;0;0;0;0,1
32243,12,14,1,0,3,-,1;1;1;1;1;1;1;1;1;0;0;0,1
32244,11,14,1,0,2,-,1;1;1;1;1;1;1;1;1;0;0,1
32245,12,14,1,0,3,-,1;1;1;1;1;1;1;1;1;0;0;0,1
32247,13,14,1,0,4,-,1;1;1;1;1;1;1;1;1;0;0;0;0,1
32252,12,14,1,0,3,-,1;1;1;1;1;1;1;1;1;0;0;0,1
32253,13,14,1,0,4,-,1;1;1;1;1;1;1;1;1;0;0;0;0,1
32255,14,14,1,0,5,-,1;1;1;1;1;1;1;1;1;0;0;0;0;0,1
32496,10,14,1,0,1,-,1;1;1;1;1;1;1;1;1;0,1
32497,11,15,1,0,1,-,1;1;1;1;1;1;1;1;1;1;0,1
32498,11,15,1,0,1,-,1;1;1;1;1;1;1;1;1;1;0,1
32499,12,15,1,0,2,-,1;1;1;1;1;1;1;1;1;1;0;0,1
32502,12,15,1,0,2,-,1;1;1;1;1;1;1;1;1;1;0;0,1
32503,13,15,1,0,3,-,1;1;1;1;1;1;1;1;1;1;0;0;0,1
32504,11,15,1,0,1,-,1;1;1;1;1;1;1;1;1;1;0,1
32505,12,15,1,0,2,-,1;1;1;1;1;1;1;1;1;1;0;0,1
32506,12,15,1,0,2,-,1;1;1;1;1;1;1;1;1;1;0;0,1
32507,13,15,1,0,3,-,1;1;1;1;1;1;1;1;1;1;0;0;0,1
32510,13,15,1,0,3,-,1;1;1;1;1;1;1;1;1;1;0;0;0,1
32511,14,15,1,0,4,-,1;1;1;1;1;1;1;1;1;1;0;0;0;0,1
32736,10,14,1,0,1,-,1;1;1;1;1;1;1;1;1;0,1
32737,11,15,1,0,1,-,1;1;1;1;1;1;1;1;1;1;0,1
32739,12,15,1,0,2,-,1;1;1;1;1;1;1;1;1;1;0;0,1
32741,12,15,1,0,2,-,1;1;1;1;1;1;1;1;1;1;0;0,1
32743,13,15,1,0,3,-,1;1;1;1;1;1;1;1;1;1;0;0;0,1
32751,14,15,1,0,4,-,1;1;1;1;1;1;1;1;1;1;0;0;0;0,1
32752,11,14,1,0,2,-,1;1;1;1;1;1;1;1;1;0;0,1
32753,12,15,1,0,2,-,1;1;1;1;1;1;1;1;1;1;0;0,1
32755,13,15,1,0,3,-,1;1;1;1;1;1;1;1;1;1;0;0;0,1
32756,12,15,1,0,2,-,1;1;1;1;1;1;1;1;1;1;0;0,1
32757,13,15,1,0,3,-,1;1;1;1;1;1;1;1;1;1;0;0;0,1
32759,14,15,1,0,4,-,1;1;1;1;1;1;1;1;1;1;0;0;0;0,1
32764,13,15,1,0,3,-,1;1;1;1;1;1;1;1;1;1;0;0;0,1
32765,14,15,1,0,4,-,1;1;1;1;1;1;1;1;1;1;0;0;0;0,1
32767,15,15,1,0,5,-,1;1;1;1;1;1;1;1;1;1;0;0;0;0;0,1
65520,12,14,1,0,3,-,1;1;1;1;1;1;1;1;1;0;0;0,1
65521,13,15,1,0,3,-,1;1;1;1;1;1;1;1;1;1;0;0;0,1
65523,14,15,1,0,4,-,1;1;1;1;1;1;1;1;1;1;0;0;0;0,1
65527,15,15,1,0,5,-,1;1;1;1;1;1;1;1;1;1;0;0;0;0;0,1
65535,16,15,1,0,6,-,1;1;1;1;1;1;1;1;1;1;0;0;0;0;0,1
76984,8,12,1,1,2,-,1;1;1;1;1;1;0;0,1
76985,9,12,1,0,2,-,1;1;1;1;1;1;1;0;0,1
76987,10,12,1,0,3,-,1;1;1;1;1;1;1;0;0;0,1
76991,11,12,1,0,4,-,1;1;1;1;1;1;1;0;0;0;0,1
77000,7,13,1,2,1,-,1;1;1;1;1;1;0,1
77001,8,13,1,1,1,-,1;1;1;1;1;1;1;0,1
77002,8,13,1,1,1,-,1;1;1;1;1;1;1;0,1
77003,9,13,1,0,1,-,1;1;1;1;1;1;1;1;0,1
77006,9,13,1,1,2,-,1;1;1;1;1;1;1;0;0,1
77007,10,13,1,0,2,-,1;1;1;1;1;1;1;1;0;0,1
77018,9,13,1,0,1,-,1;1;1;1;1;1;1;1;0,1
77019,10,13,1,0,2,-,1;1;1;1;1;1;1;1;0;0,1
77020,9,13,1,0,1,-,1;1;1;1;1;1;1;1;0,1
77021,10,13,1,0,2,-,1;1;1;1;1;1;1;1;0;0,1
77022,10,13,1,0,2,-,1;1;1;1;1;1;1;1;0;0,1
77023,11,13,1,0,3,-,1;1;1;1;1;1;1;1;0;0;0,1
77054,11,13,1,0,3,-,1;1;1;1;1;1;1;1;0;0;0,1
77055,12,13,1,0,4,-,1;1;1;1;1;1;1;1;0;0;0;0,1
77128,7,13,1,2,1,-,1;1;1;1;1;1;0,1
77129,8,13,1,1,1,-,1;1;1;1;1;1;1;0,1
77131,9,13,1,0,1,-,1;1;1;1;1;1;1;1;0,1
77132,8,14,1,2,1,-,1;1;1;1;1;1;1;0,1
77133,9,14,1,1,1,-,1;1;1;1;1;1;1;1;0,1
77135,10,14,1,0,1,-,1;1;1;1;1;1;1;1;1;0,1
77147,10,13,1,0,2,-,1;1;1;1;1;1;1;1;0;0,1
77148,9,14,1,1,1,-,1;1;1;1;1;1;1;1;0,1
77149,10,14,1,0,1,-,1;1;1;1;1;1;1;1;1;0,1
77151,11,14,1,0,2,-,1;1;1;1;1;1;1;1;1;0;0,1
77164,9,14,1,1,1,-,1;1;1;1;1;1;1;1;0,1
77165,10,14,1,1,2,-,1;1;1;1;1;1;1;1;0;0,1
77166,10,14,1,0,1,-,1;1;1;1;1;1;1;1;1;0,1
77167,11,14,1,0,2,-,1;1;1;1;1;1;1;1;1;0;0,1
77182,11,14,1,0,2,-,1;1;1;1;1;1;1;1;1;0;0,1
77183,12,14,1,0,3,-,1;1;1;1;1;1;1;1;1;0;0;0,1
77292,10,14,1,0,1,-,1;1;1;1;1;1;1;1;1;0,1
77293,11,14,1,0,2,-,1;1;1;1;1;1;1;1;1;0;0,1
77295,12,14,1,0,3,-,1;1;1;1;1;1;1;1;1;0;0;0,1
77311,13,14,1,0,4,-,1;1;1;1;1;1;1;1;1;0;0;0;0,1
77640,8,15,1,3,1,-,1;1;1;1;1;1;1;0,1
77641,9,15,1,2,1,-,1;1;1;1;1;1;1;1;0,1
77643,10,15,1,1,1,-,1;1;1;1;1;1;1;1;1;0,1
77647,11,15,1,0,1,-,1;1;1;1;1;1;1;1;1;1;0,1
77659,11,15,1,1,2,-,1;1;1;1;1;1;1;1;1;0;0,1
77660,10,15,1,1,1,-,1;1;1;1;1;1;1;1;1;0,1
77661,11,15,1,0,1,-,1;1;1;1;1;1;1;1;1;1;0,1
77663,12,15,1,0,2,-,1;1;1;1;1;1;1;1;1;1;0;0,1
77694,12,15,1,0,2,-,1;1;1;1;1;1;1;1;1;1;0;0,1
77695,13,15,1,0,3,-,1;1;1;1;1;1;1;1;1;1;0;0;0,1
77823,14,15,1,0,4,-,1;1;1;1;1;1;1;1;1;1;0;0;0;0,1
78030,8,13,1,1,1,-,1;1;1;1;1;1;1;0,1
78031,9,13,1,1,2,-,1;1;1;1;1;1;1;0;0,1
78044,8,13,1,0,0,-,1;1;1;1;1;1;1;1,1
78045,9,13,1,0,1,-,1;1;1;1;1;1;1;1;0,1
78046,9,13,1,0,1,-,1;1;1;1;1;1;1;1;0,1
78047,10,13,1,0,2,-,1;1;1;1;1;1;1;1;0;0,1
78078,10,13,1,0,2,-,1;1;1;1;1;1;1;1;0;0,1
78079,11,13,1,0,3,-,1;1;1;1;1;1;1;1;0;0;0,1
78117,7,14,1,2,0,-,1;1;1;1;1;1;1,1
78119,8,14,1,1,0,-,1;1;1;1;1;1;1;1,1
78121,7,14,1,2,0,-,1;1;1;1;1;1;1,1
78123,8,14,1,1,0,-,1;1;1;1;1;1;1;1,1
78125,8,14,1,1,0,-,1;1;1;1;1;1;1;1,1
78127,9,14,1,0,0,-,1;1;1;1;1;1;1;1;1,1
78134,8,14,1,2,1,-,1;1;1;1;1;1;1;0,1
78135,9,14,1,1,1,-,1;1;1;1;1;1;1;1;0,1
78137,8,14,1,1,0,-,1;1;1;1;1;1;1;1,1
78139,9,14,1,0,0,-,1;1;1;1;1;1;1;1;1,1
78140,8,14,1,1,0,-,1;1;1;1;1;1;1;1,1
78141,9,14,1,0,0,-,1;1;1;1;1;1;1;1;1,1
78142,9,14,1,1,1,-,1;1;1;1;1;1;1;1;0,1
78143,10,14,1,0,1,-,1;1;1;1;1;1;1;1;1;0,1
78157,8,14,1,2,1,-,1;1;1;1;1;1;1;0,1
78158,8,14,1,1,0,-,1;1;1;1;1;1;1;1,1
78159,9,14,1,1,1,-,1;1;1;1;1;1;1;1;0,1
78172,8,14,1,1,0,-,1;1;1;1;1;1;1;1,1
78173,9,14,1,1,1,-,1;1;1;1;1;1;1;1;0,1
78174,9,14,1,0,0,-,1;1;1;1;1;1;1;1;1,1
78175,10,14,1,0,1,-,1;1;1;1;1;1;1;1;1;0,1
78189,9,14,1,1,1,-,1;1;1;1;1;1;1;1;0,1
78190,9,14,1,0,0,-,1;1;1;1;1;1;1;1;1,1
78191,10,14,1,0,1,-,1;1;1;1;1;1;1;1;1;0,1
78206,10,14,1,0,1,-,1;1;1;1;1;1;1;1;1;0,1
78207,11,14,1,0,2,-,1;1;1;1;1;1;1;1;1;0;0,1
78245,8,14,1,1,0,-,1;1;1;1;1;1;1;1,1
78246,8,14,1,2,1,-,1;1;1;1;1;1;1;0,1
78247,9,14,1,1,1,-,1;1;1;1;1;1;1;1;0,1
78249,8,14,1,1,0,-,1;1;1;1;1;1;1;1,1
78251,9,14,1,0,0,-,1;1;1;1;1;1;1;1;1,1
78253,9,14,1,0,0,-,1;1;1;1;1;1;1;1;1,1
78254,9,14,1,1,1,-,1;1;1;1;1;1;1;1;0,1
78255,10,14,1,0,1,-,1;1;1;1;1;1;1;1;1;0,1
78262,9,14,1,2,2,-,1;1;1;1;1;1;1;0;0,1
78263,10,14,1,1,2,-,1;1;1;1;1;1;1;1;0;0,1
78265,9,14,1,1,1,-,1;1;1;1;1;1;1;1;0,1
78267,10,14,1,0,1,-,1;1;1;1;1;1;1;1;1;0,1
78268,9,14,1,1,1,-,1;1;1;1;1;1;1;1;0,1
78269,10,14,1,0,1,-,1;1;1;1;1;1;1;1;1;0,1
78270,10,14,1,1,2,-,1;1;1;1;1;1;1;1;0;0,1
78271,11,14,1,0,2,-,1;1;1;1;1;1;1;1;1;0;0,1
78285,9,14,1,1,1,-,1;1;1;1;1;1;1;1;0,1
78286,9,14,1,1,1,-,1;1;1;1;1;1;1;1;0,1
78287,10,14,1,1,2,-,1;1;1;1;1;1;1;1;0;0,1
78300,9,14,1,0,0,-,1;1;1;1;1;1;1;1;1,1
78301,10,14,1,0,1,-,1;1;1;1;1;1;1;1;1;0,1
78302,10,14,1,0,1,-,1;1;1;1;1;1;1;1;1;0,1
78303,11,14,1,0,2,-,1;1;1;1;1;1;1;1;1;0;0,1
78317,10,14,1,0,1,-,1;1;1;1;1;1;1;1;1;0,1
78318,10,14,1,0,1,-,1;1;1;1;1;1;1;1;1;0,1
78319,11,14,1,0,2,-,1;1;1;1;1;1;1;1;1;0;0,1
78334,11,14,1,0,2,-,1;1;1;1;1;1;1;1;1;0;0,1
78335,12,14,1,0,3,-,1;1;1;1;1;1;1;1;1;0;0;0,1
78593,6,15,1,4,0,-,1;1;1;1;1;1,1
78595,7,15,1,3,0,-,1;1;1;1;1;1;1,1
78599,8,15,1,2,0,-,1;1;1;1;1;1;1;1,1
78601,7,15,1,3,0,-,1;1;1;1;1;1;1,1
78603,8,15,1,2,0,-,1;1;1;1;1;1;1;1,1
78607,9,15,1,1,0,-,1;1;1;1;1;1;1;1;1,1
78612,7,15,1,3,0,-,1;1;1;1;1;1;1,1
78613,8,15,1,2,0,-,1;1;1;1;1;1;1;1,1
78614,8,15,1,2,0,-,1;1;1;1;1;1;1;1,1
78615,9,15,1,1,0,-,1;1;1;1;1;1;1;1;1,1
78617,8,15,1,2,0,-,1;1;1;1;1;1;1;1,1
78619,9,15,1,1,0,-,1;1;1;1;1;1;1;1;1,1
78620,8,15,1,2,0,-,1;1;1;1;1;1;1;1,1
78621,9,15,1,1,0,-,1;1;1;1;1;1;1;1;1,1
78622,9,15,1,1,0,-,1;1;1;1;1;1;1;1;1,1
78623,10,15,1,0,0,-,1;1;1;1;1;1;1;1;1;1,1
78646,9,15,1,2,1,-,1;1;1;1;1;1;1;1;0,1
78647,10,15,1,1,1,-,1;1;1;1;1;1;1;1;1;0,1
78648,8,15,1,2,0,-,1;1;1;1;1;1;1;1,1
78649,9,15,1,1,0,-,1;1;1;1;1;1;1;1;1,1
78650,9,15,1,1,0,-,1;1;1;1;1;1;1;1;1,1
78651,10,15,1,0,0,-,1;1;1;1;1;1;1;1;1;1,1
78654,10,15,1,1,1,-,1;1;1;1;1;1;1;1;1;0,1
78655,11,15,1,0,1,-,1;1;1;1;1;1;1;1;1;1;0,1
78665,8,15,1,3,1,-,1;1;1;1;1;1;1;0,1
78667,9,15,1,2,1,-,1;1;1;1;1;1;1;1;0,1
78670,9,15,1,1,0,-,1;1;1;1;1;1;1;1;1,1
78671,10,15,1,1,1,-,1;1;1;1;1;1;1;1;1;0,1
78683,10,15,1,1,1,-,1;1;1;1;1;1;1;1;1;0,1
78684,9,15,1,1,0,-,1;1;1;1;1;1;1;1;1,1
78685,10,15,1,1,1,-,1;1;1;1;1;1;1;1;1;0,1
78686,10,15,1,0,0,-,1;1;1;1;1;1;1;1;1;1,1
78687,11,15,1,0,1,-,1;1;1;1;1;1;1;1;1;1;0,1
78718,11,15,1,0,1,-,1;1;1;1;1;1;1;1;1;1;0,1
78719,12,15,1,0,2,-,1;1;1;1;1;1;1;1;1;1;0;0,1
78727,9,15,1,2,1,-,1;1;1;1;1;1;1;1;0,1
78729,8,15,1,2,0,-,1;1;1;1;1;1;1;1,1
78731,9,15,1,1,0,-,1;1;1;1;1;1;1;1;1,1
78734,9,14,1,1,1,-,1;1;1;1;1;1;1;1;0,1
78735,10,15,1,1,1,-,1;1;1;1;1;1;1;1;1;0,1
78740,8,15,1,2,0,-,1;1;1;1;1;1;1;1,1
78741,9,15,1,1,0,-,1;1;1;1;1;1;1;1;1,1
78742,9,15,1,2,1,-,1;1;1;1;1;1;1;1;0,1
78743,10,15,1,1,1,-,1;1;1;1;1;1;1;1;1;0,1
78745,9,15,1,1,0,-,1;1;1;1;1;1;1;1;1,1
78747,10,15,1,0,0,-,1;1;1;1;1;1;1;1;1;1,1
78748,9,15,1,1,0,-,1;1;1;1;1;1;1;1;1,1
78749,10,15,1,0,0,-,1;1;1;1;1;1;1;1;1;1,1
78750,10,15,1,1,1,-,1;1;1;1;1;1;1;1;1;0,1
78751,11,15,1,0,1,-,1;1;1;1;1;1;1;1;1;1;0,1
78774,10,15,1,2,2,-,1;1;1;1;1;1;1;1;0;0,1
78775,11,15,1,1,2,-,1;1;1;1;1;1;1;1;1;0;0,1
78776,9,15,1,2,1,-,1;1;1;1;1;1;1;1;0,1
78777,10,15,1,1,1,-,1;1;1;1;1;1;1;1;1;0,1
78778,10,15,1,1,1,-,1;1;1;1;1;1;1;1;1;0,1
78779,11,15,1,0,1,-,1;1;1;1;1;1;1;1;1;1;0,1
78782,11,15,1,1,2,-,1;1;1;1;1;1;1;1;1;0;0,1
78783,12,15,1,0,2,-,1;1;1;1;1;1;1;1;1;1;0;0,1
78793,9,15,1,2,1,-,1;1;1;1;1;1;1;1;0,1
78795,10,15,1,1,1,-,1;1;1;1;1;1;1;1;1;0,1
78798,10,15,1,1,1,-,1;1;1;1;1;1;1;1;1;0,1
78799,11,15,1,1,2,-,1;1;1;1;1;1;1;1;1;0;0,1
78811,11,15,1,0,1,-,1;1;1;1;1;1;1;1;1;1;0,1
78812,10,15,1,0,0,-,1;1;1;1;1;1;1;1;1;1,1
78813,11,15,1,0,1,-,1;1;1;1;1;1;1;1;1;1;0,1
78814,11,15,1,0,1,-,1;1;1;1;1;1;1;1;1;1;0,1
78815,12,15,1,0,2,-,1;1;1;1;1;1;1;1;1;1;0;0,1
78846,12,15,1,0,2,-,1;1;1;1;1;1;1;1;1;1;0;0,1
78847,13,15,1,0,3,-,1;1;1;1;1;1;1;1;1;1;0;0;0,1
79068,9,13,1,0,1,-,1;1;1;1;1;1;1;1;0,1
79069,10,13,1,0,2,-,1;1;1;1;1;1;1;1;0;0,1
79070,10,13,1,0,2,-,1;1;1;1;1;1;1;1;0;0,1
79071,11,13,1,0,3,-,1;1;1;1;1;1;1;1;0;0;0,1
79086,10,13,1,0,2,-,1;1;1;1;1;1;1;1;0;0,1
79087,11,13,1,0,3,-,1;1;1;1;1;1;1;1;0;0;0,1
79102,11,13,1,0,3,-,1;1;1;1;1;1;1;1;0;0;0,1
79103,12,13,1,0,4,-,1;1;1;1;1;1;1;1;0;0;0;0,1
79159,10,14,1,1,2,-,1;1;1;1;1;1;1;1;0;0,1
79163,10,14,1,0,1,-,1;1;1;1;1;1;1;1;1;0,1
79164,9,14,1,0,0,-,1;1;1;1;1;1;1;1;1,1
79165,10,14,1,0,1,-,1;1;1;1;1;1;1;1;1;0,1
79167,11,14,1,0,2,-,1;1;1;1;1;1;1;1;1;0;0,1
79196,9,14,1,0,0,-,1;1;1;1;1;1;1;1;1,1
79197,10,14,1,0,1,-,1;1;1;1;1;1;1;1;1;0,1
79198,10,14,1,0,1,-,1;1;1;1;1;1;1;1;1;0,1
79199,11,14,1,0,2,-,1;1;1;1;1;1;1;1;1;0;0,1
79212,9,14,1,1,1,-,1;1;1;1;1;1;1;1;0,1
79213,10,14,1,1,2,-,1;1;1;1;1;1;1;1;0;0,1
79214,10,14,1,0,1,-,1;1;1;1;1;1;1;1;1;0,1
79215,11,14,1,0,2,-,1;1;1;1;1;1;1;1;1;0;0,1
79230,11,14,1,0,2,-,1;1;1;1;1;1;1;1;1;0;0,1
79231,12,14,1,0,3,-,1;1;1;1;1;1;1;1;1;0;0;0,1
79269,9,14,1,1,1,-,1;1;1;1;1;1;1;1;0,1
79271,10,14,1,1,2,-,1;1;1;1;1;1;1;1;0;0,1
79276,9,14,1,0,0,-,1;1;1;1;1;1;1;1;1,1
79277,10,14,1,0,1,-,1;1;1;1;1;1;1;1;1;0,1
79278,10,14,1,0,1,-,1;1;1;1;1;1;1;1;1;0,1
79279,11,14,1,0,2,-,1;1;1;1;1;1;1;1;1;0;0,1
79287,11,14,1,1,3,-,1;1;1;1;1;1;1;1;0;0;0,1
79292,10,14,1,0,1,-,1;1;1;1;1;1;1;1;1;0,1
79293,11,14,1,0,2,-,1;1;1;1;1;1;1;1;1;0;0,1
79294,11,14,1,0,2,-,1;1;1;1;1;1;1;1;1;0;0,1
79295,12,14,1,0,3,-,1;1;1;1;1;1;1;1;1;0;0;0,1
79308,9,14,1,0,0,-,1;1;1;1;1;1;1;1;1,1
79309,10,14,1,0,1,-,1;1;1;1;1;1;1;1;1;0,1
79310,10,14,1,0,1,-,1;1;1;1;1;1;1;1;1;0,1
79311,11,14,1,0,2,-,1;1;1;1;1;1;1;1;1;0;0,1
79324,10,14,1,0,1,-,1;1;1;1;1;1;1;1;1;0,1
79325,11,14,1,0,2,-,1;1;1;1;1;1;1;1;1;0;0,1
79326,11,14,1,0,2,-,1;1;1;1;1;1;1;1;1;0;0,1
79327,12,14,1,0,3,-,1;1;1;1;1;1;1;1;1;0;0;0,1
79340,10,14,1,0,1,-,1;1;1;1;1;1;1;1;1;0,1
79341,11,14,1,0,2,-,1;1;1;1;1;1;1;1;1;0;0,1
79342,11,14,1,0,2,-,1;1;1;1;1;1;1;1;1;0;0,1
79343,12,14,1,0,3,-,1;1;1;1;1;1;1;1;1;0;0;0,1
79358,12,14,1,0,3,-,1;1;1;1;1;1;1;1;1;0;0;0,1
79359,13,14,1,0,4,-,1;1;1;1;1;1;1;1;1;0;0;0;0,1
79451,10,14,1,1,2,-,1;1;1;1;1;1;1;1;0;0,1
79454,10,14,1,0,1,-,1;1;1;1;1;1;1;1;1;0,1
79455,11,14,1,0,2,-,1;1;1;1;1;1;1;1;1;0;0,1
79486,11,14,1,0,2,-,1;1;1;1;1;1;1;1;1;0;0,1
79487,12,14,1,0,3,-,1;1;1;1;1;1;1;1;1;0;0;0,1
79511,10,14,1,1,2,-,1;1;1;1;1;1;1;1;0;0,1
79513,9,14,1,0,0,-,1;1;1;1;1;1;1;1;1,1
79515,10,14,1,0,1,-,1;1;1;1;1;1;1;1;1;0,1
79517,10,14,1,0,1,-,1;1;1;1;1;1;1;1;1;0,1
79519,11,14,1,0,2,-,1;1;1;1;1;1;1;1;1;0;0,1
79542,10,14,1,1,2,-,1;1;1;1;1;1;1;1;0;0,1
79543,11,14,1,1,3,-,1;1;1;1;1;1;1;1;0;0;0,1
79544,9,14,1,1,1,-,1;1;1;1;1;1;1;1;0,1
79545,10,14,1,0,1,-,1;1;1;1;1;1;1;1;1;0,1
79546,10,14,1,0,1,-,1;1;1;1;1;1;1;1;1;0,1
79547,11,14,1,0,2,-,1;1;1;1;1;1;1;1;1;0;0,1
79548,10,14,1,0,1,-,1;1;1;1;1;1;1;1;1;0,1
79549,11,14,1,0,2,-,1;1;1;1;1;1;1;1;1;0;0,1
79550,11,14,1,0,2,-,1;1;1;1;1;1;1;1;1;0;0,1
79551,12,14,1,0,3,-,1;1;1;1;1;1;1;1;1;0;0;0,1
79561,9,14,1,1,1,-,1;1;1;1;1;1;1;1;0,1
79563,10,14,1,0,1,-,1;1;1;1;1;1;1;1;1;0,1
79564,9,14,1,0,0,-,1;1;1;1;1;1;1;1;1,1
79565,10,14,1,0,1,-,1;1;1;1;1;1;1;1;1;0,1
79566,10,14,1,0,1,-,1;1;1;1;1;1;1;1;1;0,1
79567,11,14,1,0,2,-,1;1;1;1;1;1;1;1;1;0;0,1
79579,11,14,1,0,2,-,1;1;1;1;1;1;1;1;1;0;0,1
79580,10,14,1,0,1,-,1;1;1;1;1;1;1;1;1;0,1
79581,11,14,1,0,2,-,1;1;1;1;1;1;1;1;1;0;0,1
79582,11,14,1,0,2,-,1;1;1;1;1;1;1;1;1;0;0,1
79583,12,14,1,0,3,-,1;1;1;1;1;1;1;1;1;0;0;0,1
79596,10,14,1,0,1,-,1;1;1;1;1;1;1;1;1;0,1
79597,11,14,1,0,2,-,1;1;1;1;1;1;1;1;1;0;0,1
79598,11,14,1,0,2,-,1;1;1;1;1;1;1;1;1;0;0,1
79599,12,14,1,0,3,-,1;1;1;1;1;1;1;1;1;0;0;0,1
79614,12,14,1,0,3,-,1;1;1;1;1;1;1;1;1;0;0;0,1
79615,13,14,1,0,4,-,1;1;1;1;1;1;1;1;1;0;0;0;0,1
79637,9,15,1,1,0,-,1;1;1;1;1;1;1;1;1,1
79639,10,15,1,1,1,-,1;1;1;1;1;1;1;1;1;0,1
79641,9,15,1,1,0,-,1;1;1;1;1;1;1;1;1,1
79643,10,15,1,1,1,-,1;1;1;1;1;1;1;1;1;0,1
79644,9,15,1,1,0,-,1;1;1;1;1;1;1;1;1,1
79645,10,15,1,0,0,-,1;1;1;1;1;1;1;1;1;1,1
79646,10,15,1,0,0,-,1;1;1;1;1;1;1;1;1;1,1
79647,11,15,1,0,1,-,1;1;1;1;1;1;1;1;1;1;0,1
79653,9,15,1,2,1,-,1;1;1;1;1;1;1;1;0,1
79654,9,15,1,1,0,-,1;1;1;1;1;1;1;1;1,1
79655,10,15,1,1,1,-,1;1;1;1;1;1;1;1;1;0,1
79656,8,15,1,2,0,-,1;1;1;1;1;1;1;1,1
79657,9,15,1,1,0,-,1;1;1;1;1;1;1;1;1,1
79658,9,15,1,1,0,-,1;1;1;1;1;1;1;1;1,1
79659,10,15,1,0,0,-,1;1;1;1;1;1;1;1;1;1,1
79660,9,15,1,1,0,-,1;1;1;1;1;1;1;1;1,1
79661,10,15,1,1,1,-,1;1;1;1;1;1;1;1;1;0,1
79662,10,15,1,0,0,-,1;1;1;1;1;1;1;1;1;1,1
79663,11,15,1,0,1,-,1;1;1;1;1;1;1;1;1;1;0,1
79670,10,15,1,1,1,-,1;1;1;1;1;1;1;1;1;0,1
79671,11,15,1,1,2,-,1;1;1;1;1;1;1;1;1;0;0,1
79672,9,15,1,1,0,-,1;1;1;1;1;1;1;1;1,1
79673,10,15,1,0,0,-,1;1;1;1;1;1;1;1;1;1,1
79674,10,15,1,0,0,-,1;1;1;1;1;1;1;1;1;1,1
79675,11,15,1,0,1,-,1;1;1;1;1;1;1;1;1;1;0,1
79676,10,15,1,0,0,-,1;1;1;1;1;1;1;1;1;1,1
79677,11,15,1,0,1,-,1;1;1;1;1;1;1;1;1;1;0,1
79678,11,15,1,0,1,-,1;1;1;1;1;1;1;1;1;1;0,1
79679,12,15,1,0,2,-,1;1;1;1;1;1;1;1;1;1;0;0,1
79689,9,15,1,2,1,-,1;1;1;1;1;1;1;1;0,1
79691,10,15,1,1,1,-,1;1;1;1;1;1;1;1;1;0,1
79692,9,15,1,1,0,-,1;1;1;1;1;1;1;1;1,1
79693,10,15,1,1,1,-,1;1;1;1;1;1;1;1;1;0,1
79694,10,15,1,0,0,-,1;1;1;1;1;1;1;1;1;1,1
79695,11,15,1,0,1,-,1;1;1;1;1;1;1;1;1;1;0,1
79707,11,15,1,1,2,-,1;1;1;1;1;1;1;1;1;0;0,1
79708,10,15,1,0,0,-,1;1;1;1;1;1;1;1;1;1,1
79709,11,15,1,0,1,-,1;1;1;1;1;1;1;1;1;1;0,1
79710,11,15,1,0,1,-,1;1;1;1;1;1;1;1;1;1;0,1
79711,12,15,1,0,2,-,1;1;1;1;1;1;1;1;1;1;0;0,1
79724,10,15,1,1,1,-,1;1;1;1;1;1;1;1;1;0,1
79725,11,15,1,1,2,-,1;1;1;1;1;1;1;1;1;0;0,1
79726,11,15,1,0,1,-,1;1;1;1;1;1;1;1;1;1;0,1
79727,12,15,1,0,2,-,1;1;1;1;1;1;1;1;1;1;0;0,1
79742,12,15,1,0,2,-,1;1;1;1;1;1;1;1;1;1;0;0,1
79743,13,15,1,0,3,-,1;1;1;1;1;1;1;1;1;1;0;0;0,1
79753,9,15,1,1,0,-,1;1;1;1;1;1;1;1;1,1
79755,10,15,1,0,0,-,1;1;1;1;1;1;1;1;1;1,1
79757,10,15,1,0,0,-,1;1;1;1;1;1;1;1;1;1,1
79759,11,15,1,0,1,-,1;1;1;1;1;1;1;1;1;1;0,1
79765,10,15,1,1,1,-,1;1;1;1;1;1;1;1;1;0,1
79767,11,15,1,1,2,-,1;1;1;1;1;1;1;1;1;0;0,1
79772,10,15,1,0,0,-,1;1;1;1;1;1;1;1;1;1,1
79773,11,15,1,0,1,-,1;1;1;1;1;1;1;1;1;1;0,1
79774,11,15,1,0,1,-,1;1;1;1;1;1;1;1;1;1;0,1
79775,12,15,1,0,2,-,1;1;1;1;1;1;1;1;1;1;0;0,1
79781,10,15,1,1,1,-,1;1;1;1;1;1;1;1;1;0,1
79782,10,15,1,1,1,-,1;1;1;1;1;1;1;1;1;0,1
79783,11,15,1,1,2,-,1;1;1;1;1;1;1;1;1;0;0,1
79784,9,15,1,1,0,-,1;1;1;1;1;1;1;1;1,1
79785,10,15,1,0,0,-,1;1;1;1;1;1;1;1;1;1,1
79786,10,15,1,0,0,-,1;1;1;1;1;1;1;1;1;1,1
79787,11,15,1,0,1,-,1;1;1;1;1;1;1;1;1;1;0,1
79788,10,15,1,0,0,-,1;1;1;1;1;1;1;1;1;1,1
79789,11,15,1,0,1,-,1;1;1;1;1;1;1;1;1;1;0,1
79790,11,15,1,0,1,-,1;1;1;1;1;1;1;1;1;1;0,1
79791,12,15,1,0,2,-,1;1;1;1;1;1;1;1;1;1;0;0,1
79798,11,15,1,1,2,-,1;1;1;1;1;1;1;1;1;0;0,1
79799,12,15,1,1,3,-,1;1;1;1;1;1;1;1;1;0;0;0,1
79800,10,15,1,1,1,-,1;1;1;1;1;1;1;1;1;0,1
79801,11,15,1,0,1,-,1;1;1;1;1;1;1;1;1;1;0,1
79802,11,15,1,0,1,-,1;1;1;1;1;1;1;1;1;1;0,1
79803,12,15,1,0,2,-,1;1;1;1;1;1;1;1;1;1;0;0,1
79804,11,15,1,0,1,-,1;1;1;1;1;1;1;1;1;1;0,1
79805,12,15,1,0,2,-,1;1;1;1;1;1;1;1;1;1;0;0,1
79806,12,15,1,0,2,-,1;1;1;1;1;1;1;1;1;1;0;0,1
79807,13,15,1,0,3,-,1;1;1;1;1;1;1;1;1;1;0;0;0,1
79817,10,15,1,1,1,-,1;1;1;1;1;1;1;1;1;0,1
79819,11,15,1,0,1,-,1;1;1;1;1;1;1;1;1;1;0,1
79820,10,15,1,0,0,-,1;1;1;1;1;1;1;1;1;1,1
79821,11,15,1,0,1,-,1;1;1;1;1;1;1;1;1;1;0,1
79822,11,15,1,0,1,-,1;1;1;1;1;1;1;1;1;1;0,1
79823,12,15,1,0,2,-,1;1;1;1;1;1;1;1;1;1;0;0,1
79835,12,15,1,0,2,-,1;1;1;1;1;1;1;1;1;1;0;0,1
79836,11,15,1,0,1,-,1;1;1;1;1;1;1;1;1;1;0,1
79837,12,15,1,0,2,-,1;1;1;1;1;1;1;1;1;1;0;0,1
79838,12,15,1,0,2,-,1;1;1;1;1;1;1;1;1;1;0;0,1
79839,13,15,1,0,3,-,1;1;1;1;1;1;1;1;1;1;0;0;0,1
79852,11,15,1,0,1,-,1;1;1;1;1;1;1;1;1;1;0,1
79853,12,15,1,0,2,-,1;1;1;1;1;1;1;1;1;1;0;0,1
79854,12,15,1,0,2,-,1;1;1;1;1;1;1;1;1;1;0;0,1
79855,13,15,1,0,3,-,1;1;1;1;1;1;1;1;1;1;0;0;0,1
79870,13,15,1,0,3,-,1;1;1;1;1;1;1;1;1;1;0;0;0,1
79871,14,15,1,0,4,-,1;1;1;1;1;1;1;1;1;1;0;0;0;0,1
81150,12,13,1,0,4,-,1;1;1;1;1;1;1;1;0;0;0;0,1
81151,13,13,1,0,5,-,1;1;1;1;1;1;1;1;0;0;0;0;0,1
81260,10,14,1,1,2,-,1;1;1;1;1;1;1;1;0;0,1
81261,11,14,1,1,3,-,1;1;1;1;1;1;1;1;0;0;0,1
81262,11,14,1,0,2,-,1;1;1;1;1;1;1;1;1;0;0,1
81263,12,14,1,0,3,-,1;1;1;1;1;1;1;1;1;0;0;0,1
81278,12,14,1,0,3,-,1;1;1;1;1;1;1;1;1;0;0;0,1
81279,13,14,1,0,4,-,1;1;1;1;1;1;1;1;1;0;0;0;0,1
81335,12,14,1,1,4,-,1;1;1;1;1;1;1;1;0;0;0;0,1
81336,10,14,1,1,2,-,1;1;1;1;1;1;1;1;0;0,1
81337,11,14,1,0,2,-,1;1;1;1;1;1;1;1;1;0;0,1
81339,12,14,1,0,3,-,1;1;1;1;1;1;1;1;1;0;0;0,1
81340,11,14,1,0,2,-,1;1;1;1;1;1;1;1;1;0;0,1
81341,12,14,1,0,3,-,1;1;1;1;1;1;1;1;1;0;0;0,1
81343,13,14,1,0,4,-,1;1;1;1;1;1;1;1;1;0;0;0;0,1
81353,10,14,1,1,2,-,1;1;1;1;1;1;1;1;0;0,1
81355,11,14,1,0,2,-,1;1;1;1;1;1;1;1;1;0;0,1
81356,10,14,1,0,1,-,1;1;1;1;1;1;1;1;1;0,1
81357,11,14,1,0,2,-,1;1;1;1;1;1;1;1;1;0;0,1
81358,11,14,1,0,2,-,1;1;1;1;1;1;1;1;1;0;0,1
81359,12,14,1,0,3,-,1;1;1;1;1;1;1;1;1;0;0;0,1
81371,12,14,1,0,3,-,1;1;1;1;1;1;1;1;1;0;0;0,1
81372,11,14,1,0,2,-,1;1;1;1;1;1;1;1;1;0;0,1
81373,12,14,1,0,3,-,1;1;1;1;1;1;1;1;1;0;0;0,1
81374,12,14,1,0,3,-,1;1;1;1;1;1;1;1;1;0;0;0,1
81375,13,14,1,0,4,-,1;1;1;1;1;1;1;1;1;0;0;0;0,1
81388,11,14,1,0,2,-,1;1;1;1;1;1;1;1;1;0;0,1
81389,12,14,1,0,3,-,1;1;1;1;1;1;1;1;1;0;0;0,1
81390,12,14,1,0,3,-,1;1;1;1;1;1;1;1;1;0;0;0,1
81391,13,14,1,0,4,-,1;1;1;1;1;1;1;1;1;0;0;0;0,1
81406,13,14,1,0,4,-,1;1;1;1;1;1;1;1;1;0;0;0;0,1
81407,14,14,1,0,5,-,1;1;1;1;1;1;1;1;1;0;0;0;0;0,1
81683,10,15,1,2,2,-,1;1;1;1;1;1;1;1;0;0,1
81684,9,15,1,2,1,-,1;1;1;1;1;1;1;1;0,1
81685,10,15,1,1,1,-,1;1;1;1;1;1;1;1;1;0,1
81686,10,15,1,1,1,-,1;1;1;1;1;1;1;1;1;0,1
81687,11,15,1,1,2,-,1;1;1;1;1;1;1;1;1;0;0,1
81688,9,15,1,2,1,-,1;1;1;1;1;1;1;1;0,1
81689,10,15,1,1,1,-,1;1;1;1;1;1;1;1;1;0,1
81690,10,15,1,1,1,-,1;1;1;1;1;1;1;1;1;0,1
81691,11,15,1,1,2,-,1;1;1;1;1;1;1;1;1;0;0,1
81692,10,15,1,1,1,-,1;1;1;1;1;1;1;1;1;0,1
81693,11,15,1,0,1,-,1;1;1;1;1;1;1;1;1;1;0,1
81694,11,15,1,0,1,-,1;1;1;1;1;1;1;1;1;1;0,1
81695,12,15,1,0,2,-,1;1;1;1;1;1;1;1;1;1;0;0,1
81718,11,15,1,1,2,-,1;1;1;1;1;1;1;1;1;0;0,1
81719,12,15,1,1,3,-,1;1;1;1;1;1;1;1;1;0;0;0,1
81720,10,15,1,1,1,-,1;1;1;1;1;1;1;1;1;0,1
81721,11,15,1,0,1,-,1;1;1;1;1;1;1;1;1;1;0,1
81722,11,15,1,0,1,-,1;1;1;1;1;1;1;1;1;1;0,1
81723,12,15,1,0,2,-,1;1;1;1;1;1;1;1;1;1;0;0,1
81726,12,15,1,0,2,-,1;1;1;1;1;1;1;1;1;1;0;0,1
81727,13,15,1,0,3,-,1;1;1;1;1;1;1;1;1;1;0;0;0,1
81737,10,15,1,2,2,-,1;1;1;1;1;1;1;1;0;0,1
81738,10,15,1,1,1,-,1;1;1;1;1;1;1;1;1;0,1
81739,11,15,1,1,2,-,1;1;1;1;1;1;1;1;1;0;0,1
81742,11,15,1,0,1,-,1;1;1;1;1;1;1;1;1;1;0,1
81743,12,15,1,0,2,-,1;1;1;1;1;1;1;1;1;1;0;0,1
81754,11,15,1,1,2,-,1;1;1;1;1;1;1;1;1;0;0,1
81755,12,15,1,1,3,-,1;1;1;1;1;1;1;1;1;0;0;0,1
81756,11,15,1,0,1,-,1;1;1;1;1;1;1;1;1;1;0,1
81757,12,15,1,0,2,-,1;1;1;1;1;1;1;1;1;1;0;0,1
81758,12,15,1,0,2,-,1;1;1;1;1;1;1;1;1;1;0;0,1
81759,13,15,1,0,3,-,1;1;1;1;1;1;1;1;1;1;0;0;0,1
81790,13,15,1,0,3,-,1;1;1;1;1;1;1;1;1;1;0;0;0,1
81791,14,15,1,0,4,-,1;1;1;1;1;1;1;1;1;1;0;0;0;0,1
81811,11,15,1,1,2,-,1;1;1;1;1;1;1;1;1;0;0,1
81812,10,15,1,1,1,-,1;1;1;1;1;1;1;1;1;0,1
81813,11,15,1,1,2,-,1;1;1;1;1;1;1;1;1;0;0,1
81814,11,15,1,1,2,-,1;1;1;1;1;1;1;1;1;0;0,1
81815,12,15,1,1,3,-,1;1;1;1;1;1;1;1;1;0;0;0,1
81816,10,15,1,1,1,-,1;1;1;1;1;1;1;1;1;0,1
81817,11,15,1,0,1,-,1;1;1;1;1;1;1;1;1;1;0,1
81818,11,15,1,0,1,-,1;1;1;1;1;1;1;1;1;1;0,1
81819,12,15,1,0,2,-,1;1;1;1;1;1;1;1;1;1;0;0,1
81820,11,15,1,0,1,-,1;1;1;1;1;1;1;1;1;1;0,1
81821,12,15,1,0,2,-,1;1;1;1;1;1;1;1;1;1;0;0,1
81822,12,15,1,0,2,-,1;1;1;1;1;1;1;1;1;1;0;0,1
81823,13,15,1,0,3,-,1;1;1;1;1;1;1;1;1;1;0;0;0,1
81846,12,15,1,1,3,-,1;1;1;1;1;1;1;1;1;0;0;0,1
81847,13,15,1,1,4,-,1;1;1;1;1;1;1;1;1;0;0;0;0,1
81848,11,15,1,1,2,-,1;1;1;1;1;1;1;1;1;0;0,1
81849,12,15,1,0,2,-,1;1;1;1;1;1;1;1;1;1;0;0,1
81850,12,15,1,0,2,-,1;1;1;1;1;1;1;1;1;1;0;0,1
81851,13,15,1,0,3,-,1;1;1;1;1;1;1;1;1;1;0;0;0,1
81854,13,15,1,0,3,-,1;1;1;1;1;1;1;1;1;1;0;0;0,1
81855,14,15,1,0,4,-,1;1;1;1;1;1;1;1;1;1;0;0;0;0,1
81864,10,15,1,1,1,-,1;1;1;1;1;1;1;1;1;0,1
81865,11,15,1,1,2,-,1;1;1;1;1;1;1;1;1;0;0,1
81866,11,15,1,0,1,-,1;1;1;1;1;1;1;1;1;1;0,1
81867,12,15,1,0,2,-,1;1;1;1;1;1;1;1;1;1;0;0,1
81870,12,15,1,0,2,-,1;1;1;1;1;1;1;1;1;1;0;0,1
81871,13,15,1,0,3,-,1;1;1;1;1;1;1;1;1;1;0;0;0,1
81882,12,15,1,0,2,-,1;1;1;1;1;1;1;1;1;1;0;0,1
81883,13,15,1,0,3,-,1;1;1;1;1;1;1;1;1;1;0;0;0,1
81884,12,15,1,0,2,-,1;1;1;1;1;1;1;1;1;1;0;0,1
81885,13,15,1,0,3,-,1;1;1;1;1;1;1;1;1;1;0;0;0,1
81886,13,15,1,0,3,-,1;1;1;1;1;1;1;1;1;1;0;0;0,1
81887,14,15,1,0,4,-,1;1;1;1;1;1;1;1;1;1;0;0;0;0,1
81918,14,15,1,0,4,-,1;1;1;1;1;1;1;1;1;1;0;0;0;0,1
81919,15,15,1,0,5,-,1;1;1;1;1;1;1;1;1;1;0;0;0;0;0,1
88517,9,14,1,0,0,-,1;1;1;1;1;1;1;1;1,1
88519,10,14,1,0,1,-,1;1;1;1;1;1;1;1;1;0,1
88525,10,14,1,0,1,-,1;1;1;1;1;1;1;1;1;0,1
88527,11,14,1,0,2,-,1;1;1;1;1;1;1;1;1;0;0,1
88534,10,14,1,0,1,-,1;1;1;1;1;1;1;1;1;0,1
88535,11,14,1,0,2,-,1;1;1;1;1;1;1;1;1;0;0,1
88540,10,14,1,0,1,-,1;1;1;1;1;1;1;1;1;0,1
88541,11,14,1,0,2,-,1;1;1;1;1;1;1;1;1;0;0,1
88542,11,14,1,0,2,-,1;1;1;1;1;1;1;1;1;0;0,1
88543,12,14,1,0,3,-,1;1;1;1;1;1;1;1;1;0;0;0,1
88557,11,14,1,0,2,-,1;1;1;1;1;1;1;1;1;0;0,1
88558,11,14,1,0,2,-,1;1;1;1;1;1;1;1;1;0;0,1
88559,12,14,1,0,3,-,1;1;1;1;1;1;1;1;1;0;0;0,1
88574,12,14,1,0,3,-,1;1;1;1;1;1;1;1;1;0;0;0,1
88575,13,14,1,0,4,-,1;1;1;1;1;1;1;1;1;0;0;0;0,1
88662,9,15,1,1,0,-,1;1;1;1;1;1;1;1;1,1
88663,10,15,1,0,0,-,1;1;1;1;1;1;1;1;1;1,1
88670,10,15,1,0,0,-,1;1;1;1;1;1;1;1;1;1,1
88671,11,15,1,0,1,-,1;1;1;1;1;1;1;1;1;1;0,1
88702,11,15,1,0,1,-,1;1;1;1;1;1;1;1;1;1;0,1
88703,12,15,1,0,2,-,1;1;1;1;1;1;1;1;1;1;0;0,1
88770,8,15,1,2,0,-,1;1;1;1;1;1;1;1,1
88771,9,15,1,1,0,-,1;1;1;1;1;1;1;1;1,1
88775,10,15,1,0,0,-,1;1;1;1;1;1;1;1;1;1,1
88778,9,15,1,1,0,-,1;1;1;1;1;1;1;1;1,1
88779,10,15,1,1,1,-,1;1;1;1;1;1;1;1;1;0,1
88782,10,15,1,0,0,-,1;1;1;1;1;1;1;1;1;1,1
88783,11,15,1,0,1,-,1;1;1;1;1;1;1;1;1;1;0,1
88788,9,15,1,1,0,-,1;1;1;1;1;1;1;1;1,1
88789,10,15,1,1,1,-,1;1;1;1;1;1;1;1;1;0,1
88790,10,15,1,0,0,-,1;1;1;1;1;1;1;1;1;1,1
88791,11,15,1,0,1,-,1;1;1;1;1;1;1;1;1;1;0,1
88793,10,15,1,1,1,-,1;1;1;1;1;1;1;1;1;0,1
88794,10,15,1,0,0,-,1;1;1;1;1;1;1;1;1;1,1
88795,11,15,1,0,1,-,1;1;1;1;1;1;1;1;1;1;0,1
88796,10,15,1,1,1,-,1;1;1;1;1;1;1;1;1;0,1
88797,11,15,1,1,2,-,1;1;1;1;1;1;1;1;1;0;0,1
88798,11,15,1,0,1,-,1;1;1;1;1;1;1;1;1;1;0,1
88799,12,15,1,0,2,-,1;1;1;1;1;1;1;1;1;1;0;0,1
88806,10,15,1,0,0,-,1;1;1;1;1;1;1;1;1;1,1
88807,11,15,1,0,1,-,1;1;1;1;1;1;1;1;1;1;0,1
88810,10,15,1,0,0,-,1;1;1;1;1;1;1;1;1;1,1
88811,11,15,1,0,1,-,1;1;1;1;1;1;1;1;1;1;0,1
88814,11,15,1,0,1,-,1;1;1;1;1;1;1;1;1;1;0,1
88815,12,15,1,0,2,-,1;1;1;1;1;1;1;1;1;1;0;0,1
88820,10,15,1,1,1,-,1;1;1;1;1;1;1;1;1;0,1
88821,11,15,1,1,2,-,1;1;1;1;1;1;1;1;1;0;0,1
88822,11,15,1,0,1,-,1;1;1;1;1;1;1;1;1;1;0,1
88823,12,15,1,0,2,-,1;1;1;1;1;1;1;1;1;1;0;0,1
88825,11,15,1,1,2,-,1;1;1;1;1;1;1;1;1;0;0,1
88826,11,15,1,0,1,-,1;1;1;1;1;1;1;1;1;1;0,1
88827,12,15,1,0,2,-,1;1;1;1;1;1;1;1;1;1;0;0,1
88828,11,15,1,1,2,-,1;1;1;1;1;1;1;1;1;0;0,1
88829,12,15,1,1,3,-,1;1;1;1;1;1;1;1;1;0;0;0,1
88830,12,15,1,0,2,-,1;1;1;1;1;1;1;1;1;1;0;0,1
88831,13,15,1,0,3,-,1;1;1;1;1;1;1;1;1;1;0;0;0,1
88979,10,15,1,0,0,-,1;1;1;1;1;1;1;1;1;1,1
88981,10,15,1,1,1,-,1;1;1;1;1;1;1;1;1;0,1
88983,11,15,1,0,1,-,1;1;1;1;1;1;1;1;1;1;0,1
88985,10,15,1,0,0,-,1;1;1;1;1;1;1;1;1;1,1
88986,10,15,1,1,1,-,1;1;1;1;1;1;1;1;1;0,1
88987,11,15,1,0,1,-,1;1;1;1;1;1;1;1;1;1;0,1
88988,10,15,1,0,0,-,1;1;1;1;1;1;1;1;1;1,1
88989,11,15,1,0,1,-,1;1;1;1;1;1;1;1;1;1;0,1
88990,11,15,1,0,1,-,1;1;1;1;1;1;1;1;1;1;0,1
88991,12,15,1,0,2,-,1;1;1;1;1;1;1;1;1;1;0;0,1
88999,11,15,1,0,1,-,1;1;1;1;1;1;1;1;1;1;0,1
89001,10,15,1,0,0,-,1;1;1;1;1;1;1;1;1;1,1
89003,11,15,1,0,1,-,1;1;1;1;1;1;1;1;1;1;0,1
89005,11,15,1,0,1,-,1;1;1;1;1;1;1;1;1;1;0,1
89007,12,15,1,0,2,-,1;1;1;1;1;1;1;1;1;1;0;0,1
89012,10,15,1,1,1,-,1;1;1;1;1;1;1;1;1;0,1
89013,11,15,1,1,2,-,1;1;1;1;1;1;1;1;1;0;0,1
89014,11,15,1,0,1,-,1;1;1;1;1;1;1;1;1;1;0,1
89015,12,15,1,0,2,-,1;1;1;1;1;1;1;1;1;1;0;0,1
89018,11,15,1,1,2,-,1;1;1;1;1;1;1;1;1;0;0,1
89019,12,15,1,0,2,-,1;1;1;1;1;1;1;1;1;1;0;0,1
89020,11,15,1,0,1,-,1;1;1;1;1;1;1;1;1;1;0,1
89021,12,15,1,0,2,-,1;1;1;1;1;1;1;1;1;1;0;0,1
89022,12,15,1,0,2,-,1;1;1;1;1;1;1;1;1;1;0;0,1
89023,13,15,1,0,3,-,1;1;1;1;1;1;1;1;1;1;0;0;0,1
89029,10,15,1,0,0,-,1;1;1;1;1;1;1;1;1;1,1
89030,10,15,1,0,0,-,1;1;1;1;1;1;1;1;1;1,1
89031,11,15,1,0,1,-,1;1;1;1;1;1;1;1;1;1;0,1
89037,11,15,1,0,1,-,1;1;1;1;1;1;1;1;1;1;0,1
89038,11,15,1,0,1,-,1;1;1;1;1;1;1;1;1;1;0,1
89039,12,15,1,0,2,-,1;1;1;1;1;1;1;1;1;1;0;0,1
89046,11,15,1,0,1,-,1;1;1;1;1;1;1;1;1;1;0,1
89047,12,15,1,0,2,-,1;1;1;1;1;1;1;1;1;1;0;0,1
89052,11,15,1,0,1,-,1;1;1;1;1;1;1;1;1;1;0,1
89053,12,15,1,0,2,-,1;1;1;1;1;1;1;1;1;1;0;0,1
89054,12,15,1,0,2,-,1;1;1;1;1;1;1;1;1;1;0;0,1
89055,13,15,1,0,3,-,1;1;1;1;1;1;1;1;1;1;0;0;0,1
89069,12,15,1,0,2,-,1;1;1;1;1;1;1;1;1;1;0;0,1
89070,12,15,1,0,2,-,1;1;1;1;1;1;1;1;1;1;0;0,1
89071,13,15,1,0,3,-,1;1;1;1;1;1;1;1;1;1;0;0;0,1
89086,13,15,1,0,3,-,1;1;1;1;1;1;1;1;1;1;0;0;0,1
89087,14,15,1,0,4,-,1;1;1;1;1;1;1;1;1;1;0;0;0;0,1
89559,12,14,1,0,3,-,1;1;1;1;1;1;1;1;1;0;0;0,1
89564,11,14,1,0,2,-,1;1;1;1;1;1;1;1;1;0;0,1
89565,12,14,1,0,3,-,1;1;1;1;1;1;1;1;1;0;0;0,1
89567,13,14,1,0,4,-,1;1;1;1;1;1;1;1;1;0;0;0;0,1
89580,11,14,1,0,2,-,1;1;1;1;1;1;1;1;1;0;0,1
89581,12,14,1,0,3,-,1;1;1;1;1;1;1;1;1;0;0;0,1
89582,12,14,1,0,3,-,1;1;1;1;1;1;1;1;1;0;0;0,1
89583,13,14,1,0,4,-,1;1;1;1;1;1;1;1;1;0;0;0;0,1
89598,13,14,1,0,4,-,1;1;1;1;1;1;1;1;1;0;0;0;0,1
89599,14,14,1,0,5,-,1;1;1;1;1;1;1;1;1;0;0;0;0;0,1
89726,12,15,1,0,2,-,1;1;1;1;1;1;1;1;1;1;0;0,1
89727,13,15,1,0,3,-,1;1;1;1;1;1;1;1;1;1;0;0;0,1
89812,10,15,1,0,0,-,1;1;1;1;1;1;1;1;1;1,1
89813,11,15,1,0,1,-,1;1;1;1;1;1;1;1;1;1;0,1
89814,11,15,1,0,1,-,1;1;1;1;1;1;1;1;1;1;0,1
89815,12,15,1,0,2,-,1;1;1;1;1;1;1;1;1;1;0;0,1
89818,11,15,1,0,1,-,1;1;1;1;1;1;1;1;1;1;0,1
89819,12,15,1,0,2,-,1;1;1;1;1;1;1;1;1;1;0;0,1
89820,11,15,1,0,1,-,1;1;1;1;1;1;1;1;1;1;0,1
89821,12,15,1,0,2,-,1;1;1;1;1;1;1;1;1;1;0;0,1
89822,12,15,1,0,2,-,1;1;1;1;1;1;1;1;1;1;0;0,1
89823,13,15,1,0,3,-,1;1;1;1;1;1;1;1;1;1;0;0;0,1
89829,11,15,1,0,1,-,1;1;1;1;1;1;1;1;1;1;0,1
89830,11,15,1,0,1,-,1;1;1;1;1;1;1;1;1;1;0,1
89831,12,15,1,0,2,-,1;1;1;1;1;1;1;1;1;1;0;0,1
89834,11,15,1,0,1,-,1;1;1;1;1;1;1;1;1;1;0,1
89835,12,15,1,0,2,-,1;1;1;1;1;1;1;1;1;1;0;0,1
89836,11,15,1,0,1,-,1;1;1;1;1;1;1;1;1;1;0,1
89837,12,15,1,0,2,-,1;1;1;1;1;1;1;1;1;1;0;0,1
89838,12,15,1,0,2,-,1;1;1;1;1;1;1;1;1;1;0;0,1
89839,13,15,1,0,3,-,1;1;1;1;1;1;1;1;1;1;0;0;0,1
89844,11,15,1,0,1,-,1;1;1;1;1;1;1;1;1;1;0,1
89845,12,15,1,0,2,-,1;1;1;1;1;1;1;1;1;1;0;0,1
89846,12,15,1,0,2,-,1;1;1;1;1;1;1;1;1;1;0;0,1
89847,13,15,1,0,3,-,1;1;1;1;1;1;1;1;1;1;0;0;0,1
89850,12,15,1,0,2,-,1;1;1;1;1;1;1;1;1;1;0;0,1
89851,13,15,1,0,3,-,1;1;1;1;1;1;1;1;1;1;0;0;0,1
89852,12,15,1,0,2,-,1;1;1;1;1;1;1;1;1;1;0;0,1
89853,13,15,1,0,3,-,1;1;1;1;1;1;1;1;1;1;0;0;0,1
89854,13,15,1,0,3,-,1;1;1;1;1;1;1;1;1;1;0;0;0,1
89855,14,15,1,0,4,-,1;1;1;1;1;1;1;1;1;1;0;0;0;0,1
90021,11,15,1,0,1,-,1;1;1;1;1;1;1;1;1;1;0,1
90023,12,15,1,0,2,-,1;1;1;1;1;1;1;1;1;1;0;0,1
90024,10,15,1,0,0,-,1;1;1;1;1;1;1;1;1;1,1
90025,11,15,1,0,1,-,1;1;1;1;1;1;1;1;1;1;0,1
90026,11,15,1,0,1,-,1;1;1;1;1;1;1;1;1;1;0,1
90027,12,15,1,0,2,-,1;1;1;1;1;1;1;1;1;1;0;0,1
90029,12,15,1,0,2,-,1;1;1;1;1;1;1;1;1;1;0;0,1
90031,13,15,1,0,3,-,1;1;1;1;1;1;1;1;1;1;0;0;0,1
90036,11,15,1,0,1,-,1;1;1;1;1;1;1;1;1;1;0,1
90037,12,15,1,0,2,-,1;1;1;1;1;1;1;1;1;1;0;0,1
90038,12,15,1,0,2,-,1;1;1;1;1;1;1;1;1;1;0;0,1
90039,13,15,1,0,3,-,1;1;1;1;1;1;1;1;1;1;0;0;0,1
90042,12,15,1,0,2,-,1;1;1;1;1;1;1;1;1;1;0;0,1
90043,13,15,1,0,3,-,1;1;1;1;1;1;1;1;1;1;0;0;0,1
90044,12,15,1,0,2,-,1;1;1;1;1;1;1;1;1;1;0;0,1
90045,13,15,1,0,3,-,1;1;1;1;1;1;1;1;1;1;0;0;0,1
90046,13,15,1,0,3,-,1;1;1;1;1;1;1;1;1;1;0;0;0,1
90047,14,15,1,0,4,-,1;1;1;1;1;1;1;1;1;1;0;0;0;0,1
90052,10,15,1,0,0,-,1;1;1;1;1;1;1;1;1;1,1
90053,11,15,1,0,1,-,1;1;1;1;1;1;1;1;1;1;0,1
90054,11,15,1,0,1,-,1;1;1;1;1;1;1;1;1;1;0,1
90055,12,15,1,0,2,-,1;1;1;1;1;1;1;1;1;1;0;0,1
90060,11,15,1,0,1,-,1;1;1;1;1;1;1;1;1;1;0,1
90061,12,15,1,0,2,-,1;1;1;1;1;1;1;1;1;1;0;0,1
90062,12,15,1,0,2,-,1;1;1;1;1;1;1;1;1;1;0;0,1
90063,13,15,1,0,3,-,1;1;1;1;1;1;1;1;1;1;0;0;0,1
90070,12,15,1,0,2,-,1;1;1;1;1;1;1;1;1;1;0;0,1
90071,13,15,1,0,3,-,1;1;1;1;1;1;1;1;1;1;0;0;0,1
90076,12,15,1,0,2,-,1;1;1;1;1;1;1;1;1;1;0;0,1
90077,13,15,1,0,3,-,1;1;1;1;1;1;1;1;1;1;0;0;0,1
90078,13,15,1,0,3,-,1;1;1;1;1;1;1;1;1;1;0;0;0,1
90079,14,15,1,0,4,-,1;1;1;1;1;1;1;1;1;1;0;0;0;0,1
90092,12,15,1,0,2,-,1;1;1;1;1;1;1;1;1;1;0;0,1
90093,13,15,1,0,3,-,1;1;1;1;1;1;1;1;1;1;0;0;0,1
90094,13,15,1,0,3,-,1;1;1;1;1;1;1;1;1;1;0;0;0,1
90095,14,15,1,0,4,-,1;1;1;1;1;1;1;1;1;1;0;0;0;0,1
90110,14,15,1,0,4,-,1;1;1;1;1;1;1;1;1;1;0;0;0;0,1
90111,15,15,1,0,5,-,1;1;1;1;1;1;1;1;1;1;0;0;0;0;0,1
96741,11,14,1,0,2,-,1;1;1;1;1;1;1;1;1;0;0,1
96743,12,14,1,0,3,-,1;1;1;1;1;1;1;1;1;0;0;0,1
96745,11,14,1,0,2,-,1;1;1;1;1;1;1;1;1;0;0,1
96747,12,14,1,0,3,-,1;1;1;1;1;1;1;1;1;0;0;0,1
96749,12,14,1,0,3,-,1;1;1;1;1;1;1;1;1;0;0;0,1
96751,13,14,1,0,4,-,1;1;1;1;1;1;1;1;1;0;0;0;0,1
96757,12,14,1,0,3,-,1;1;1;1;1;1;1;1;1;0;0;0,1
96759,13,14,1,0,4,-,1;1;1;1;1;1;1;1;1;0;0;0;0,1
96761,12,14,1,0,3,-,1;1;1;1;1;1;1;1;1;0;0;0,1
96763,13,14,1,0,4,-,1;1;1;1;1;1;1;1;1;0;0;0;0,1
96764,12,14,1,0,3,-,1;1;1;1;1;1;1;1;1;0;0;0,1
96765,13,14,1,0,4,-,1;1;1;1;1;1;1;1;1;0;0;0;0,1
96767,14,14,1,0,5,-,1;1;1;1;1;1;1;1;1;0;0;0;0;0,1
96979,11,15,1,0,1,-,1;1;1;1;1;1;1;1;1;1;0,1
96982,11,15,1,0,1,-,1;1;1;1;1;1;1;1;1;1;0,1
96983,12,15,1,0,2,-,1;1;1;1;1;1;1;1;1;1;0;0,1
96985,11,15,1,0,1,-,1;1;1;1;1;1;1;1;1;1;0,1
96986,11,15,1,0,1,-,1;1;1;1;1;1;1;1;1;1;0,1
96987,12,15,1,0,2,-,1;1;1;1;1;1;1;1;1;1;0;0,1
96990,12,15,1,0,2,-,1;1;1;1;1;1;1;1;1;1;0;0,1
96991,13,15,1,0,3,-,1;1;1;1;1;1;1;1;1;1;0;0;0,1
97010,11,15,1,0,1,-,1;1;1;1;1;1;1;1;1;1;0,1
97011,12,15,1,0,2,-,1;1;1;1;1;1;1;1;1;1;0;0,1
97013,12,15,1,0,2,-,1;1;1;1;1;1;1;1;1;1;0;0,1
97014,12,15,1,0,2,-,1;1;1;1;1;1;1;1;1;1;0;0,1
97015,13,15,1,0,3,-,1;1;1;1;1;1;1;1;1;1;0;0;0,1
97016,11,15,1,0,1,-,1;1;1;1;1;1;1;1;1;1;0,1
97017,12,15,1,0,2,-,1;1;1;1;1;1;1;1;1;1;0;0,1
97018,12,15,1,0,2,-,1;1;1;1;1;1;1;1;1;1;0;0,1
97019,13,15,1,0,3,-,1;1;1;1;1;1;1;1;1;1;0;0;0,1
97020,12,15,1,0,2,-,1;1;1;1;1;1;1;1;1;1;0;0,1
97021,13,15,1,0,3,-,1;1;1;1;1;1;1;1;1;1;0;0;0,1
97022,13,15,1,0,3,-,1;1;1;1;1;1;1;1;1;1;0;0;0,1
97023,14,15,1,0,4,-,1;1;1;1;1;1;1;1;1;1;0;0;0;0,1
97091,10,15,1,1,1,-,1;1;1;1;1;1;1;1;1;0,1
97095,11,15,1,0,1,-,1;1;1;1;1;1;1;1;1;1;0,1
97099,11,15,1,1,2,-,1;1;1;1;1;1;1;1;1;0;0,1
97103,12,15,1,0,2,-,1;1;1;1;1;1;1;1;1;1;0;0,1
97107,11,15,1,1,2,-,1;1;1;1;1;1;1;1;1;0;0,1
97108,10,15,1,1,1,-,1;1;1;1;1;1;1;1;1;0,1
97109,11,15,1,0,1,-,1;1;1;1;1;1;1;1;1;1;0,1
97111,12,15,1,0,2,-,1;1;1;1;1;1;1;1;1;1;0;0,1
97113,11,15,1,1,2,-,1;1;1;1;1;1;1;1;1;0;0,1
97115,12,15,1,1,3,-,1;1;1;1;1;1;1;1;1;0;0;0,1
97116,11,15,1,0,1,-,1;1;1;1;1;1;1;1;1;1;0,1
97117,12,15,1,0,2,-,1;1;1;1;1;1;1;1;1;1;0;0,1
97119,13,15,1,0,3,-,1;1;1;1;1;1;1;1;1;1;0;0;0,1
97122,10,15,1,0,0,-,1;1;1;1;1;1;1;1;1;1,1
97123,11,15,1,0,1,-,1;1;1;1;1;1;1;1;1;1;0,1
97126,11,15,1,0,1,-,1;1;1;1;1;1;1;1;1;1;0,1
97127,12,15,1,0,2,-,1;1;1;1;1;1;1;1;1;1;0;0,1
97130,11,15,1,0,1,-,1;1;1;1;1;1;1;1;1;1;0,1
97131,12,15,1,0,2,-,1;1;1;1;1;1;1;1;1;1;0;0,1
97133,12,15,1,0,2,-,1;1;1;1;1;1;1;1;1;1;0;0,1
97134,12,15,1,0,2,-,1;1;1;1;1;1;1;1;1;1;0;0,1
97135,13,15,1,0,3,-,1;1;1;1;1;1;1;1;1;1;0;0;0,1
97139,12,15,1,0,2,-,1;1;1;1;1;1;1;1;1;1;0;0,1
97140,11,15,1,0,1,-,1;1;1;1;1;1;1;1;1;1;0,1
97141,12,15,1,0,2,-,1;1;1;1;1;1;1;1;1;1;0;0,1
97142,12,15,1,0,2,-,1;1;1;1;1;1;1;1;1;1;0;0,1
97143,13,15,1,0,3,-,1;1;1;1;1;1;1;1;1;1;0;0;0,1
97145,12,15,1,0,2,-,1;1;1;1;1;1;1;1;1;1;0;0,1
97146,12,15,1,0,2,-,1;1;1;1;1;1;1;1;1;1;0;0,1
97147,13,15,1,0,3,-,1;1;1;1;1;1;1;1;1;1;0;0;0,1
97148,12,15,1,0,2,-,1;1;1;1;1;1;1;1;1;1;0;0,1
97149,13,15,1,0,3,-,1;1;1;1;1;1;1;1;1;1;0;0;0,1
97150,13,15,1,0,3,-,1;1;1;1;1;1;1;1;1;1;0;0;0,1
97151,14,15,1,0,4,-,1;1;1;1;1;1;1;1;1;1;0;0;0;0,1
97249,11,15,1,0,1,-,1;1;1;1;1;1;1;1;1;1;0,1
97251,12,15,1,0,2,-,1;1;1;1;1;1;1;1;1;1;0;0,1
97253,12,15,1,0,2,-,1;1;1;1;1;1;1;1;1;1;0;0,1
97255,13,15,1,0,3,-,1;1;1;1;1;1;1;1;1;1;0;0;0,1
97257,12,15,1,0,2,-,1;1;1;1;1;1;1;1;1;1;0;0,1
97259,13,15,1,0,3,-,1;1;1;1;1;1;1;1;1;1;0;0;0,1
97261,13,15,1,0,3,-,1;1;1;1;1;1;1;1;1;1;0;0;0,1
97263,14,15,1,0,4,-,1;1;1;1;1;1;1;1;1;1;0;0;0;0,1
97267,13,15,1,0,3,-,1;1;1;1;1;1;1;1;1;1;0;0;0,1
97268,12,15,1,0,2,-,1;1;1;1;1;1;1;1;1;1;0;0,1
97269,13,15,1,0,3,-,1;1;1;1;1;1;1;1;1;1;0;0;0,1
97271,14,15,1,0,4,-,1;1;1;1;1;1;1;1;1;1;0;0;0;0,1
97272,12,15,1,0,2,-,1;1;1;1;1;1;1;1;1;1;0;0,1
97273,13,15,1,0,3,-,1;1;1;1;1;1;1;1;1;1;0;0;0,1
97275,14,15,1,0,4,-,1;1;1;1;1;1;1;1;1;1;0;0;0;0,1
97276,13,15,1,0,3,-,1;1;1;1;1;1;1;1;1;1;0;0;0,1
97277,14,15,1,0,4,-,1;1;1;1;1;1;1;1;1;1;0;0;0;0,1
97279,15,15,1,0,5,-,1;1;1;1;1;1;1;1;1;1;0;0;0;0;0,1
97783,14,14,1,0,5,-,1;1;1;1;1;1;1;1;1;0;0;0;0;0,1
97787,14,14,1,0,5,-,1;1;1;1;1;1;1;1;1;0;0;0;0;0,1
97788,13,14,1,0,4,-,1;1;1;1;1;1;1;1;1;0;0;0;0,1
97789,14,14,1,0,5,-,1;1;1;1;1;1;1;1;1;0;0;0;0;0,1
97791,15,14,1,0,6,-,1;1;1;1;1;1;1;1;1;0;0;0;0;0,1
98035,13,15,1,0,3,-,1;1;1;1;1;1;1;1;1;1;0;0;0,1
98038,13,15,1,0,3,-,1;1;1;1;1;1;1;1;1;1;0;0;0,1
98039,14,15,1,0,4,-,1;1;1;1;1;1;1;1;1;1;0;0;0;0,1
98040,12,15,1,0,2,-,1;1;1;1;1;1;1;1;1;1;0;0,1
98041,13,15,1,0,3,-,1;1;1;1;1;1;1;1;1;1;0;0;0,1
98042,13,15,1,0,3,-,1;1;1;1;1;1;1;1;1;1;0;0;0,1
98043,14,15,1,0,4,-,1;1;1;1;1;1;1;1;1;1;0;0;0;0,1
98046,14,15,1,0,4,-,1;1;1;1;1;1;1;1;1;1;0;0;0;0,1
98047,15,15,1,0,5,-,1;1;1;1;1;1;1;1;1;1;0;0;0;0;0,1
98115,11,15,1,1,2,-,1;1;1;1;1;1;1;1;1;0;0,1
98117,11,15,1,0,1,-,1;1;1;1;1;1;1;1;1;1;0,1
98119,12,15,1,0,2,-,1;1;1;1;1;1;1;1;1;1;0;0,1
98123,12,15,1,1,3,-,1;1;1;1;1;1;1;1;1;0;0;0,1
98125,12,15,1,0,2,-,1;1;1;1;1;1;1;1;1;1;0;0,1
98127,13,15,1,0,3,-,1;1;1;1;1;1;1;1;1;1;0;0;0,1
98131,12,15,1,1,3,-,1;1;1;1;1;1;1;1;1;0;0;0,1
98132,11,15,1,1,2,-,1;1;1;1;1;1;1;1;1;0;0,1
98133,12,15,1,0,2,-,1;1;1;1;1;1;1;1;1;1;0;0,1
98135,13,15,1,0,3,-,1;1;1;1;1;1;1;1;1;1;0;0;0,1
98137,12,15,1,1,3,-,1;1;1;1;1;1;1;1;1;0;0;0,1
98139,13,15,1,1,4,-,1;1;1;1;1;1;1;1;1;0;0;0;0,1
98140,12,15,1,0,2,-,1;1;1;1;1;1;1;1;1;1;0;0,1
98141,13,15,1,0,3,-,1;1;1;1;1;1;1;1;1;1;0;0;0,1
98143,14,15,1,0,4,-,1;1;1;1;1;1;1;1;1;1;0;0;0;0,1
98147,12,15,1,0,2,-,1;1;1;1;1;1;1;1;1;1;0;0,1
98149,12,15,1,0,2,-,1;1;1;1;1;1;1;1;1;1;0;0,1
98150,12,15,1,0,2,-,1;1;1;1;1;1;1;1;1;1;0;0,1
98151,13,15,1,0,3,-,1;1;1;1;1;1;1;1;1;1;0;0;0,1
98153,12,15,1,0,2,-,1;1;1;1;1;1;1;1;1;1;0;0,1
98154,12,15,1,0,2,-,1;1;1;1;1;1;1;1;1;1;0;0,1
98155,13,15,1,0,3,-,1;1;1;1;1;1;1;1;1;1;0;0;0,1
98156,12,15,1,0,2,-,1;1;1;1;1;1;1;1;1;1;0;0,1
98157,13,15,1,0,3,-,1;1;1;1;1;1;1;1;1;1;0;0;0,1
98158,13,15,1,0,3,-,1;1;1;1;1;1;1;1;1;1;0;0;0,1
98159,14,15,1,0,4,-,1;1;1;1;1;1;1;1;1;1;0;0;0;0,1
98163,13,15,1,0,3,-,1;1;1;1;1;1;1;1;1;1;0;0;0,1
98164,12,15,1,0,2,-,1;1;1;1;1;1;1;1;1;1;0;0,1
98165,13,15,1,0,3,-,1;1;1;1;1;1;1;1;1;1;0;0;0,1
98166,13,15,1,0,3,-,1;1;1;1;1;1;1;1;1;1;0;0;0,1
98167,14,15,1,0,4,-,1;1;1;1;1;1;1;1;1;1;0;0;0;0,1
98169,13,15,1,0,3,-,1;1;1;1;1;1;1;1;1;1;0;0;0,1
98170,13,15,1,0,3,-,1;1;1;1;1;1;1;1;1;1;0;0;0,1
98171,14,15,1,0,4,-,1;1;1;1;1;1;1;1;1;1;0;0;0;0,1
98172,13,15,1,0,3,-,1;1;1;1;1;1;1;1;1;1;0;0;0,1
98173,14,15,1,0,4,-,1;1;1;1;1;1;1;1;1;1;0;0;0;0,1
98174,14,15,1,0,4,-,1;1;1;1;1;1;1;1;1;1;0;0;0;0,1
98175,15,15,1,0,5,-,1;1;1;1;1;1;1;1;1;1;0;0;0;0;0,1
98275,13,15,1,0,3,-,1;1;1;1;1;1;1;1;1;1;0;0;0,1
98277,13,15,1,0,3,-,1;1;1;1;1;1;1;1;1;1;0;0;0,1
98279,14,15,1,0,4,-,1;1;1;1;1;1;1;1;1;1;0;0;0;0,1
98280,12,15,1,0,2,-,1;1;1;1;1;1;1;1;1;1;0;0,1
98281,13,15,1,0,3,-,1;1;1;1;1;1;1;1;1;1;0;0;0,1
98283,14,15,1,0,4,-,1;1;1;1;1;1;1;1;1;1;0;0;0;0,1
98284,13,15,1,0,3,-,1;1;1;1;1;1;1;1;1;1;0;0;0,1
98285,14,15,1,0,4,-,1;1;1;1;1;1;1;1;1;1;0;0;0;0,1
98287,15,15,1,0,5,-,1;1;1;1;1;1;1;1;1;1;0;0;0;0;0,1
98291,14,15,1,0,4,-,1;1;1;1;1;1;1;1;1;1;0;0;0;0,1
98292,13,15,1,0,3,-,1;1;1;1;1;1;1;1;1;1;0;0;0,1
98293,14,15,1,0,4,-,1;1;1;1;1;1;1;1;1;1;0;0;0;0,1
98295,15,15,1,0,5,-,1;1;1;1;1;1;1;1;1;1;0;0;0;0;0,1
98296,13,15,1,0,3,-,1;1;1;1;1;1;1;1;1;1;0;0;0,1
98297,14,15,1,0,4,-,1;1;1;1;1;1;1;1;1;1;0;0;0;0,1
98299,15,15,1,0,5,-,1;1;1;1;1;1;1;1;1;1;0;0;0;0;0,1
98300,14,15,1,0,4,-,1;1;1;1;1;1;1;1;1;1;0;0;0;0,1
98301,15,15,1,0,5,-,1;1;1;1;1;1;1;1;1;1;0;0;0;0;0,1
98303,16,15,1,0,6,-,1;1;1;1;1;1;1;1;1;1;0;0;0;0;0,1
119623,10,15,1,2,2,-,1;1;1;1;1;1;1;1;0;0,1
119631,11,15,1,2,3,-,1;1;1;1;1;1;1;1;0;0;0,1
119639,11,15,1,1,2,-,1;1;1;1;1;1;1;1;1;0;0,1
119647,12,15,1,1,3,-,1;1;1;1;1;1;1;1;1;0;0;0,1
119671,12,15,1,0,2,-,1;1;1;1;1;1;1;1;1;1;0;0,1
119679,13,15,1,0,3,-,1;1;1;1;1;1;1;1;1;1;0;0;0,1
119799,13,15,1,0,3,-,1;1;1;1;1;1;1;1;1;1;0;0;0,1
119807,14,15,1,0,4,-,1;1;1;1;1;1;1;1;1;1;0;0;0;0,1
120663,12,15,1,1,3,-,1;1;1;1;1;1;1;1;1;0;0;0,1
120671,13,15,1,1,4,-,1;1;1;1;1;1;1;1;1;0;0;0;0,1
120678,11,15,1,0,1,-,1;1;1;1;1;1;1;1;1;1;0,1
120679,12,15,1,0,2,-,1;1;1;1;1;1;1;1;1;1;0;0,1
120686,12,15,1,0,2,-,1;1;1;1;1;1;1;1;1;1;0;0,1
120687,13,15,1,0,3,-,1;1;1;1;1;1;1;1;1;1;0;0;0,1
120694,12,15,1,0,2,-,1;1;1;1;1;1;1;1;1;1;0;0,1
120695,13,15,1,0,3,-,1;1;1;1;1;1;1;1;1;1;0;0;0,1
120702,13,15,1,0,3,-,1;1;1;1;1;1;1;1;1;1;0;0;0,1
120703,14,15,1,0,4,-,1;1;1;1;1;1;1;1;1;1;0;0;0;0,1
120803,12,15,1,0,2,-,1;1;1;1;1;1;1;1;1;1;0;0,1
120805,12,15,1,0,2,-,1;1;1;1;1;1;1;1;1;1;0;0,1
120807,13,15,1,0,3,-,1;1;1;1;1;1;1;1;1;1;0;0;0,1
120811,13,15,1,0,3,-,1;1;1;1;1;1;1;1;1;1;0;0;0,1
120812,12,15,1,0,2,-,1;1;1;1;1;1;1;1;1;1;0;0,1
120813,13,15,1,0,3,-,1;1;1;1;1;1;1;1;1;1;0;0;0,1
120815,14,15,1,0,4,-,1;1;1;1;1;1;1;1;1;1;0;0;0;0,1
120819,13,15,1,0,3,-,1;1;1;1;1;1;1;1;1;1;0;0;0,1
120820,12,15,1,0,2,-,1;1;1;1;1;1;1;1;1;1;0;0,1
120821,13,15,1,0,3,-,1;1;1;1;1;1;1;1;1;1;0;0;0,1
120823,14,15,1,0,4,-,1;1;1;1;1;1;1;1;1;1;0;0;0;0,1
120827,14,15,1,0,4,-,1;1;1;1;1;1;1;1;1;1;0;0;0;0,1
120828,13,15,1,0,3,-,1;1;1;1;1;1;1;1;1;1;0;0;0,1
120829,14,15,1,0,4,-,1;1;1;1;1;1;1;1;1;1;0;0;0;0,1
120831,15,15,1,0,5,-,1;1;1;1;1;1;1;1;1;1;0;0;0;0;0,1
122742,13,15,1,0,3,-,1;1;1;1;1;1;1;1;1;1;0;0;0,1
122743,14,15,1,0,4,-,1;1;1;1;1;1;1;1;1;1;0;0;0;0,1
122750,14,15,1,0,4,-,1;1;1;1;1;1;1;1;1;1;0;0;0;0,1
122751,15,15,1,0,5,-,1;1;1;1;1;1;1;1;1;1;0;0;0;0;0,1
122835,13,15,1,0,3,-,1;1;1;1;1;1;1;1;1;1;0;0;0,1
122836,12,15,1,0,2,-,1;1;1;1;1;1;1;1;1;1;0;0,1
122837,13,15,1,0,3,-,1;1;1;1;1;1;1;1;1;1;0;0;0,1
122839,14,15,1,0,4,-,1;1;1;1;1;1;1;1;1;1;0;0;0;0,1
122841,13,15,1,0,3,-,1;1;1;1;1;1;1;1;1;1;0;0;0,1
122843,14,15,1,0,4,-,1;1;1;1;1;1;1;1;1;1;0;0;0;0,1
122844,13,15,1,0,3,-,1;1;1;1;1;1;1;1;1;1;0;0;0,1
122845,14,15,1,0,4,-,1;1;1;1;1;1;1;1;1;1;0;0;0;0,1
122847,15,15,1,0,5,-,1;1;1;1;1;1;1;1;1;1;0;0;0;0;0,1
122866,13,15,1,0,3,-,1;1;1;1;1;1;1;1;1;1;0;0;0,1
122867,14,15,1,0,4,-,1;1;1;1;1;1;1;1;1;1;0;0;0;0,1
122870,14,15,1,0,4,-,1;1;1;1;1;1;1;1;1;1;0;0;0;0,1
122871,15,15,1,0,5,-,1;1;1;1;1;1;1;1;1;1;0;0;0;0;0,1
122873,14,15,1,0,4,-,1;1;1;1;1;1;1;1;1;1;0;0;0;0,1
122874,14,15,1,0,4,-,1;1;1;1;1;1;1;1;1;1;0;0;0;0,1
122875,15,15,1,0,5,-,1;1;1;1;1;1;1;1;1;1;0;0;0;0;0,1
122878,15,15,1,0,5,-,1;1;1;1;1;1;1;1;1;1;0;0;0;0;0,1
122879,16,15,1,0,6,-,1;1;1;1;1;1;1;1;1;1;0;0;0;0;0,1
131056,13,14,1,0,4,-,1;1;1;1;1;1;1;1;1;0;0;0;0,1
131057,14,15,1,0,4,-,1;1;1;1;1;1;1;1;1;1;0;0;0;0,1
131059,15,15,1,0,5,-,1;1;1;1;1;1;1;1;1;1;0;0;0;0;0,1
131063,16,15,1,0,6,-,1;1;1;1;1;1;1;1;1;1;0;0;0;0;0,1
131064,14,15,1,0,4,-,1;1;1;1;1;1;1;1;1;1;0;0;0;0,1
131065,15,15,1,0,5,-,1;1;1;1;1;1;1;1;1;1;0;0;0;0;0,1
131067,16,15,1,0,6,-,1;1;1;1;1;1;1;1;1;1;0;0;0;0;0,1
131071,17,15,1,0,7,-,1;1;1;1;1;1;1;1;1;1;0;0;0;0;0,1
227823,14,14,1,0,5,-,1;1;1;1;1;1;1;1;1;0;0;0;0;0,1
227839,15,14,1,0,6,-,1;1;1;1;1;1;1;1;1;0;0;0;0;0,1
228023,13,15,1,1,4,-,1;1;1;1;1;1;1;1;1;0;0;0;0,1
228025,12,15,1,0,2,-,1;1;1;1;1;1;1;1;1;1;0;0,1
228027,13,15,1,0,3,-,1;1;1;1;1;1;1;1;1;1;0;0;0,1
228029,13,15,1,0,3,-,1;1;1;1;1;1;1;1;1;1;0;0;0,1
228031,14,15,1,0,4,-,1;1;1;1;1;1;1;1;1;1;0;0;0;0,1
228047,13,15,1,0,3,-,1;1;1;1;1;1;1;1;1;1;0;0;0,1
228061,13,15,1,0,3,-,1;1;1;1;1;1;1;1;1;1;0;0;0,1
228063,14,15,1,0,4,-,1;1;1;1;1;1;1;1;1;1;0;0;0;0,1
228079,14,15,1,0,4,-,1;1;1;1;1;1;1;1;1;1;0;0;0;0,1
228094,14,15,1,0,4,-,1;1;1;1;1;1;1;1;1;1;0;0;0;0,1
228095,15,15,1,0,5,-,1;1;1;1;1;1;1;1;1;1;0;0;0;0;0,1
228335,15,15,1,0,5,-,1;1;1;1;1;1;1;1;1;1;0;0;0;0;0,1
228351,16,15,1,0,6,-,1;1;1;1;1;1;1;1;1;1;0;0;0;0;0,1
228863,16,14,1,0,7,-,1;1;1;1;1;1;1;1;1;0;0;0;0;0,1
229047,14,15,1,1,5,-,1;1;1;1;1;1;1;1;1;0;0;0;0;0,1
229048,12,15,1,1,3,-,1;1;1;1;1;1;1;1;1;0;0;0,1
229049,13,15,1,0,3,-,1;1;1;1;1;1;1;1;1;1;0;0;0,1
229051,14,15,1,0,4,-,1;1;1;1;1;1;1;1;1;1;0;0;0;0,1
229052,13,15,1,0,3,-,1;1;1;1;1;1;1;1;1;1;0;0;0,1
229053,14,15,1,0,4,-,1;1;1;1;1;1;1;1;1;1;0;0;0;0,1
229055,15,15,1,0,5,-,1;1;1;1;1;1;1;1;1;1;0;0;0;0;0,1
229069,13,15,1,0,3,-,1;1;1;1;1;1;1;1;1;1;0;0;0,1
229071,14,15,1,0,4,-,1;1;1;1;1;1;1;1;1;1;0;0;0;0,1
229084,13,15,1,0,3,-,1;1;1;1;1;1;1;1;1;1;0;0;0,1
229085,14,15,1,0,4,-,1;1;1;1;1;1;1;1;1;1;0;0;0;0,1
229087,15,15,1,0,5,-,1;1;1;1;1;1;1;1;1;1;0;0;0;0;0,1
229101,14,15,1,0,4,-,1;1;1;1;1;1;1;1;1;1;0;0;0;0,1
229102,14,15,1,0,4,-,1;1;1;1;1;1;1;1;1;1;0;0;0;0,1
229103,15,15,1,0,5,-,1;1;1;1;1;1;1;1;1;1;0;0;0;0;0,1
229118,15,15,1,0,5,-,1;1;1;1;1;1;1;1;1;1;0;0;0;0;0,1
229119,16,15,1,0,6,-,1;1;1;1;1;1;1;1;1;1;0;0;0;0;0,1
229357,15,15,1,0,5,-,1;1;1;1;1;1;1;1;1;1;0;0;0;0;0,1
229359,16,15,1,0,6,-,1;1;1;1;1;1;1;1;1;1;0;0;0;0;0,1
229375,17,15,1,0,7,-,1;1;1;1;1;1;1;1;1;1;0;0;0;0;0,1
241500,12,15,1,1,3,-,1;1;1;1;1;1;1;1;1;0;0;0,1
241501,13,15,1,0,3,-,1;1;1;1;1;1;1;1;1;1;0;0;0,1
241503,14,15,1,0,4,-,1;1;1;1;1;1;1;1;1;1;0;0;0;0,1
241514,12,15,1,0,2,-,1;1;1;1;1;1;1;1;1;1;0;0,1
241515,13,15,1,0,3,-,1;1;1;1;1;1;1;1;1;1;0;0;0,1
241518,13,15,1,0,3,-,1;1;1;1;1;1;1;1;1;1;0;0;0,1
241519,14,15,1,0,4,-,1;1;1;1;1;1;1;1;1;1;0;0;0;0,1
241534,14,15,1,0,4,-,1;1;1;1;1;1;1;1;1;1;0;0;0;0,1
241535,15,15,1,0,5,-,1;1;1;1;1;1;1;1;1;1;0;0;0;0;0,1
241643,14,15,1,0,4,-,1;1;1;1;1;1;1;1;1;1;0;0;0;0,1
241647,15,15,1,0,5,-,1;1;1;1;1;1;1;1;1;1;0;0;0;0;0,1
241663,16,15,1,0,6,-,1;1;1;1;1;1;1;1;1;1;0;0;0;0;0,1
242467,10,15,1,0,0,2,1;1;1;1;1;1;1;1;1;2,1
242471,11,15,1,0,1,-,1;1;1;1;1;1;1;1;1;1;0,1
242479,12,15,1,0,2,-,1;1;1;1;1;1;1;1;1;1;0;0,1
242487,12,15,1,0,2,-,1;1;1;1;1;1;1;1;1;1;0;0,1
242495,13,15,1,0,3,-,1;1;1;1;1;1;1;1;1;1;0;0;0,1
242543,13,15,1,0,3,-,1;1;1;1;1;1;1;1;1;1;0;0;0,1
242559,14,15,1,0,4,-,1;1;1;1;1;1;1;1;1;1;0;0;0;0,1
242687,15,15,1,0,5,-,1;1;1;1;1;1;1;1;1;1;0;0;0;0;0,1
243511,13,15,1,0,3,-,1;1;1;1;1;1;1;1;1;1;0;0;0,1
243519,14,15,1,0,4,-,1;1;1;1;1;1;1;1;1;1;0;0;0;0,1
243558,12,15,1,0,2,-,1;1;1;1;1;1;1;1;1;1;0;0,1
243559,13,15,1,0,3,-,1;1;1;1;1;1;1;1;1;1;0;0;0,1
243566,13,15,1,0,3,-,1;1;1;1;1;1;1;1;1;1;0;0;0,1
243567,14,15,1,0,4,-,1;1;1;1;1;1;1;1;1;1;0;0;0;0,1
243579,14,15,1,0,4,-,1;1;1;1;1;1;1;1;1;1;0;0;0;0,1
243582,14,15,1,0,4,-,1;1;1;1;1;1;1;1;1;1;0;0;0;0,1
243583,15,15,1,0,5,-,1;1;1;1;1;1;1;1;1;1;0;0;0;0;0,1
243683,13,15,1,0,3,-,1;1;1;1;1;1;1;1;1;1;0;0;0,1
243687,14,15,1,0,4,-,1;1;1;1;1;1;1;1;1;1;0;0;0;0,1
243693,14,15,1,0,4,-,1;1;1;1;1;1;1;1;1;1;0;0;0;0,1
243695,15,15,1,0,5,-,1;1;1;1;1;1;1;1;1;1;0;0;0;0;0,1
243699,14,15,1,0,4,-,1;1;1;1;1;1;1;1;1;1;0;0;0;0,1
243702,14,15,1,0,4,-,1;1;1;1;1;1;1;1;1;1;0;0;0;0,1
243703,15,15,1,0,5,-,1;1;1;1;1;1;1;1;1;1;0;0;0;0;0,1
243708,14,15,1,0,4,-,1;1;1;1;1;1;1;1;1;1;0;0;0;0,1
243709,15,15,1,0,5,-,1;1;1;1;1;1;1;1;1;1;0;0;0;0;0,1
243711,16,15,1,0,6,-,1;1;1;1;1;1;1;1;1;1;0;0;0;0;0,1
245630,15,15,1,0,5,-,1;1;1;1;1;1;1;1;1;1;0;0;0;0;0,1
245631,16,15,1,0,6,-,1;1;1;1;1;1;1;1;1;1;0;0;0;0;0,1
245687,15,15,1,0,5,-,1;1;1;1;1;1;1;1;1;1;0;0;0;0;0,1
245691,15,15,1,0,5,-,1;1;1;1;1;1;1;1;1;1;0;0;0;0;0,1
245693,15,15,1,0,5,-,1;1;1;1;1;1;1;1;1;1;0;0;0;0;0,1
245695,16,15,1,0,6,-,1;1;1;1;1;1;1;1;1;1;0;0;0;0;0,1
245724,14,15,1,0,4,-,1;1;1;1;1;1;1;1;1;1;0;0;0;0,1
245725,15,15,1,0,5,-,1;1;1;1;1;1;1;1;1;1;0;0;0;0;0,1
245727,16,15,1,0,6,-,1;1;1;1;1;1;1;1;1;1;0;0;0;0;0,1
245738,14,15,1,0,4,-,1;1;1;1;1;1;1;1;1;1;0;0;0;0,1
245739,15,15,1,0,5,-,1;1;1;1;1;1;1;1;1;1;0;0;0;0;0,1
245742,15,15,1,0,5,-,1;1;1;1;1;1;1;1;1;1;0;0;0;0;0,1
245743,16,15,1,0,6,-,1;1;1;1;1;1;1;1;1;1;0;0;0;0;0,1
245758,16,15,1,0,6,-,1;1;1;1;1;1;1;1;1;1;0;0;0;0;0,1
245759,17,15,1,0,7,-,1;1;1;1;1;1;1;1;1;1;0;0;0;0;0,1
261091,14,15,1,0,4,-,1;1;1;1;1;1;1;1;1;1;0;0;0;0,1
261095,15,15,1,0,5,-,1;1;1;1;1;1;1;1;1;1;0;0;0;0;0,1
261103,16,15,1,0,6,-,1;1;1;1;1;1;1;1;1;1;0;0;0;0;0,1
261111,16,15,1,0,6,-,1;1;1;1;1;1;1;1;1;1;0;0;0;0;0,1
261117,16,15,1,0,6,-,1;1;1;1;1;1;1;1;1;1;0;0;0;0;0,1
261119,17,15,1,0,7,-,1;1;1;1;1;1;1;1;1;1;0;0;0;0;0,1
262135,17,15,1,0,7,-,1;1;1;1;1;1;1;1;1;1;0;0;0;0;0,1
262140,16,15,1,0,6,-,1;1;1;1;1;1;1;1;1;1;0;0;0;0;0,1
262141,17,15,1,0,7,-,1;1;1;1;1;1;1;1;1;1;0;0;0;0;0,1
262143,18,15,1,0,8,-,1;1;1;1;1;1;1;1;1;1;0;0;0;0;0,1
520157,16,15,1,0,6,-,1;1;1;1;1;1;1;1;1;1;0;0;0;0;0,1
520159,17,15,1,0,7,-,1;1;1;1;1;1;1;1;1;1;0;0;0;0;0,1
520191,18,15,1,0,8,-,1;1;1;1;1;1;1;1;1;1;0;0;0;0;0,1
524286,18,15,1,0,8,-,1;1;1;1;1;1;1;1;1;1;0;0;0;0;0,1
524287,19,15,1,0,9,-,1;1;1;1;1;1;1;1;1;1;0;0;0;0;0,1
1048575,20,15,1,0,10,-,1;1;1;1;1;1;1;1;1;1;0;0;0;0;0,1
