heap,grundy
0,0
1,0
2,1
3,1
4,1
5,2
6,2
7,2
8,3
9,1
10,1
11,1
12,4
13,4
14,4
15,3
16,2
17,2
18,2
19,1
20,1
21,1
22,4
23,2
24,2
25,2
26,6
27,4
28,4
29,4
30,1
31,1
32,1
33,2
34,2
35,2
36,7
37,1
38,1
39,1
40,4
41,4
42,4
43,3
44,2
45,2
46,2
47,1
48,1
49,1
50,4
51,8
52,2
53,2
54,7
55,4
56,4
57,4
58,1
59,1
60,1
61,2
62,2
63,2
64,7
65,8
66,1
67,1
68,4
69,4
70,4
71,7
72,2
73,2
74,2
75,1
76,1
77,1
78,4
79,4
80,2
81,2
82,7
83,7
84,4
85,4
86,1
87,1
88,1
89,2
90,2
91,2
92,7
93,7
94,1
95,1
96,1
97,4
98,4
99,7
100,2
101,2
102,2
103,1
104,1
105,1
106,4
107,4
108,8
109,2
110,2
111,7
112,4
113,4
114,1
115,1
116,1
117,2
118,2
119,2
120,7
121,7
122,8
123,1
124,1
125,4
126,4
127,7
128,2
129,2
130,2
131,1
132,1
133,1
134,4
135,4
136,4
137,2
138,2
139,7
140,7
141,4
142,1
143,1
144,1
145,2
146,2
147,2
148,7
149,7
150,7
151,1
152,1
153,1
154,4
155,4
156,2
157,2
158,2
159,1
160,1
161,1
162,4
163,4
164,4
165,8
166,2
167,2
168,7
169,4
170,1
171,1
172,1
173,2
174,2
175,2
176,7
177,4
178,7
179,8
180,1
181,1
182,4
183,4
184,7
185,2
186,2
187,1
188,1
189,1
190,4
191,4
192,4
193,8
194,1
195,2
196,7
197,4
198,4
199,1
200,1
201,2
202,2
203,2
204,7
205,4
206,7
207,8
208,1
209,1
210,1
211,4
212,4
213,2
214,2
215,1
216,1
217,1
218,4
219,4
220,4
221,8
222,1
223,2
224,2
225,4
226,4
227,1
228,1
229,1
230,2
231,2
232,7
233,4
234,4
235,4
236,1
237,1
238,1
239,8
240,4
241,7
242,2
243,1
244,1
245,1
246,4
247,4
248,4
249,7
250,1
251,1
252,2
253,8
254,4
255,4
256,1
257,1
258,2
259,2
260,7
261,4
262,4
263,4
264,1
265,1
266,1
267,8
268,4
269,4
270,2
271,1
272,1
273,1
274,4
275,4
276,4
277,7
278,2
279,1
280,2
281,8
282,4
283,4
284,1
285,1
286,1
287,2
288,7
289,4
290,4
291,4
292,1
293,1
294,1
295,8
296,4
297,4
298,7
299,1
300,1
301,1
302,4
303,4
304,4
305,7
306,2
307,1
308,1
309,1
310,4
311,4
312,4
313,2
314,1
315,2
316,7
317,4
318,4
319,1
320,1
321,1
322,2
323,2
324,4
325,4
326,7
327,8
328,1
329,1
330,4
331,4
332,4
333,7
334,2
335,1
336,1
337,1
338,4
339,4
340,4
341,8
342,1
343,1
344,7
345,4
346,4
347,4
348,1
349,1
350,1
351,2
352,7
353,4
354,7
355,8
356,1
357,1
358,4
359,4
360,4
361,7
362,2
363,1
364,1
365,1
366,4
367,4
368,4
369,8
370,1
371,1
372,2
373,4
374,4
375,4
376,1
377,1
378,1
379,2
380,7
381,4
382,4
383,4
384,1
385,1
386,1
387,7
388,4
389,7
390,2
391,1
392,1
393,1
394,4
395,4
396,4
397,7
398,1
399,1
400,2
401,8
402,4
403,4
404,1
405,1
406,1
407,2
408,7
409,4
410,4
411,4
412,1
413,1
414,1
415,8
416,4
417,4
418,2
419,1
420,1
421,1
422,4
423,4
424,4
425,7
426,2
427,1
428,2
429,8
430,4
431,4
432,1
433,1
434,1
435,2
436,7
437,4
438,4
439,4
440,1
441,1
442,1
443,8
444,4
445,4
446,7
447,1
448,1
449,1
450,4
451,4
452,4
453,7
454,2
455,1
456,1
457,1
458,4
459,4
460,4
461,2
462,1
463,2
464,7
465,4
466,4
467,1
468,1
469,1
470,2
471,2
472,4
473,4
474,7
475,8
476,1
477,1
478,4
479,4
480,4
481,7
482,2
483,1
484,1
485,1
486,4
487,4
488,4
489,8
490,1
491,1
492,7
493,4
494,4
495,4
496,1
497,1
498,1
499,2
500,7
501,4
502,7
503,8
504,1
505,1
506,4
507,4
508,4
509,7
510,2
511,1
512,1
513,1
514,4
515,4
516,4
517,8
518,1
519,1
520,2
521,4
522,4
523,4
524,1
525,1
526,1
527,2
528,7
529,4
530,4
531,4
532,1
533,1
534,1
535,7
536,4
537,7
538,2
539,1
540,1
541,1
542,4
543,4
544,4
545,7
546,1
547,1
548,2
549,8
550,4
551,4
552,1
553,1
554,1
555,2
556,7
557,4
558,4
559,4
560,1
561,1
562,1
563,8
564,4
565,4
566,2
567,1
568,1
569,1
570,4
571,4
572,4
573,7
574,2
575,1
576,2
577,8
578,4
579,4
580,1
581,1
582,1
583,2
584,7
585,4
586,4
587,4
588,1
589,1
590,1
591,8
592,4
593,4
594,7
595,1
596,1
597,1
598,4
599,4
600,4
601,7
602,2
603,1
604,1
605,1
606,4
607,4
608,4
609,2
610,1
611,2
612,7
613,4
614,4
615,1
616,1
617,1
618,2
619,2
620,4
621,4
622,7
623,8
624,1
625,1
626,4
627,4
628,4
629,7
630,2
631,1
632,1
633,1
634,4
635,4
636,4
637,8
638,1
639,1
640,7
641,4
642,4
643,4
644,1
645,1
646,1
647,2
648,7
649,4
650,7
651,8
652,1
653,1
654,4
655,4
656,4
657,7
658,2
659,1
660,1
661,1
662,4
663,4
664,4
665,8
666,1
667,1
668,2
669,4
670,4
671,4
672,1
673,1
674,1
675,2
676,7
677,4
678,4
679,4
680,1
681,1
682,1
683,7
684,4
685,7
686,2
687,1
688,1
689,1
690,4
691,4
692,4
693,7
694,1
695,1
696,2
697,8
698,4
699,4
700,1
701,1
702,1
703,2
704,7
705,4
706,4
707,4
708,1
709,1
710,1
711,8
712,4
713,4
714,2
715,1
716,1
717,1
718,4
719,4
720,4
721,7
722,2
723,1
724,2
725,8
726,4
727,4
728,1
729,1
730,1
731,2
732,7
733,4
734,4
735,4
736,1
737,1
738,1
739,8
740,4
741,4
742,7
743,1
744,1
745,1
746,4
747,4
748,4
749,7
750,2
751,1
752,1
753,1
754,4
755,4
756,4
757,2
758,1
759,2
760,7
761,4
762,4
763,1
764,1
765,1
766,2
767,2
768,4
769,4
770,7
771,8
772,1
773,1
774,4
775,4
776,4
777,7
778,2
779,1
780,1
781,1
782,4
783,4
784,4
785,8
786,1
787,1
788,7
789,4
790,4
791,4
792,1
793,1
794,1
795,2
796,7
797,4
798,7
799,8
800,1
801,1
802,4
803,4
804,4
805,7
806,2
807,1
808,1
809,1
810,4
811,4
812,4
813,8
814,1
815,1
816,2
817,4
818,4
819,4
820,1
821,1
822,1
823,2
824,7
825,4
826,4
827,4
828,1
829,1
830,1
831,7
832,4
833,7
834,2
835,1
836,1
837,1
838,4
839,4
840,4
841,7
842,1
843,1
844,2
845,8
846,4
847,4
848,1
849,1
850,1
851,2
852,7
853,4
854,4
855,4
856,1
857,1
858,1
859,8
860,4
861,4
862,2
863,1
864,1
865,1
866,4
867,4
868,4
869,7
870,2
871,1
872,2
873,8
874,4
875,4
876,1
877,1
878,1
879,2
880,7
881,4
882,4
883,4
884,1
885,1
886,1
887,8
888,4
889,4
890,7
891,1
892,1
893,1
894,4
895,4
896,4
897,7
898,2
899,1
900,1
901,1
902,4
903,4
904,4
905,2
906,1
907,2
908,7
909,4
910,4
911,1
912,1
913,1
914,2
915,2
916,4
917,4
918,7
919,8
920,1
921,1
922,4
923,4
924,4
925,7
926,2
927,1
928,1
929,1
930,4
931,4
932,4
933,8
934,1
935,1
936,7
937,4
938,4
939,4
940,1
941,1
942,1
943,2
944,7
945,4
946,7
947,8
948,1
949,1
950,4
951,4
952,4
953,7
954,2
955,1
956,1
957,1
958,4
959,4
960,4
961,8
962,1
963,1
964,2
965,4
966,4
967,4
968,1
969,1
970,1
971,2
972,7
973,4
974,4
975,4
976,1
977,1
978,1
979,7
980,4
981,7
982,2
983,1
984,1
985,1
986,4
987,4
988,4
989,7
990,1
991,1
992,2
993,8
994,4
995,4
996,1
997,1
998,1
999,2
1000,7
1001,4
1002,4
1003,4
1004,1
1005,1
1006,1
1007,8
1008,4
1009,4
1010,2
1011,1
1012,1
1013,1
1014,4
1015,4
1016,4
1017,7
1018,2
1019,1
1020,2
1021,8
1022,4
1023,4
1024,1
1025,1
1026,1
1027,2
1028,7
1029,4
1030,4
1031,4
1032,1
1033,1
1034,1
1035,8
1036,4
1037,4
1038,7
1039,1
1040,1
1041,1
1042,4
1043,4
1044,4
1045,7
1046,2
1047,1
1048,1
1049,1
1050,4
1051,4
1052,4
1053,2
1054,1
1055,2
1056,7
1057,4
1058,4
1059,1
1060,1
1061,1
1062,2
1063,2
1064,4
1065,4
1066,7
1067,8
1068,1
1069,1
1070,4
1071,4
1072,4
1073,7
1074,2
1075,1
1076,1
1077,1
1078,4
1079,4
1080,4
1081,8
1082,1
1083,1
1084,7
1085,4
1086,4
1087,4
1088,1
1089,1
1090,1
1091,2
1092,7
1093,4
1094,7
1095,8
1096,1
1097,1
1098,4
1099,4
1100,4
1101,7
1102,2
1103,1
1104,1
1105,1
1106,4
1107,4
1108,4
1109,8
1110,1
1111,1
1112,2
1113,4
1114,4
1115,4
1116,1
1117,1
1118,1
1119,2
1120,7
1121,4
1122,4
1123,4
1124,1
1125,1
1126,1
1127,7
1128,4
1129,7
1130,2
1131,1
1132,1
1133,1
1134,4
1135,4
1136,4
1137,7
1138,1
1139,1
1140,2
1141,8
1142,4
1143,4
1144,1
1145,1
1146,1
1147,2
1148,7
1149,4
1150,4
1151,4
1152,1
1153,1
1154,1
1155,8
1156,4
1157,4
1158,2
1159,1
1160,1
1161,1
1162,4
1163,4
1164,4
1165,7
1166,2
1167,1
1168,2
1169,8
1170,4
1171,4
1172,1
1173,1
1174,1
1175,2
1176,7
1177,4
1178,4
1179,4
1180,1
1181,1
1182,1
1183,8
1184,4
1185,4
1186,7
1187,1
1188,1
1189,1
1190,4
1191,4
1192,4
1193,7
1194,2
1195,1
1196,1
1197,1
1198,4
1199,4
1200,4
1201,2
1202,1
1203,2
1204,7
1205,4
1206,4
1207,1
1208,1
1209,1
1210,2
1211,2
1212,4
1213,4
1214,7
1215,8
1216,1
1217,1
1218,4
1219,4
1220,4
1221,7
1222,2
1223,1
1224,1
1225,1
1226,4
1227,4
1228,4
1229,8
1230,1
1231,1
1232,7
1233,4
1234,4
1235,4
1236,1
1237,1
1238,1
1239,2
1240,7
1241,4
1242,7
1243,8
1244,1
1245,1
1246,4
1247,4
1248,4
1249,7
1250,2
1251,1
1252,1
1253,1
1254,4
1255,4
1256,4
1257,8
1258,1
1259,1
1260,2
1261,4
1262,4
1263,4
1264,1
1265,1
1266,1
1267,2
1268,7
1269,4
1270,4
1271,4
1272,1
1273,1
1274,1
1275,7
1276,4
1277,7
1278,2
1279,1
1280,1
1281,1
1282,4
1283,4
1284,4
1285,7
1286,1
1287,1
1288,2
1289,8
1290,4
1291,4
1292,1
1293,1
1294,1
1295,2
1296,7
1297,4
1298,4
1299,4
1300,1
1301,1
1302,1
1303,8
1304,4
1305,4
1306,2
1307,1
1308,1
1309,1
1310,4
1311,4
1312,4
1313,7
1314,2
1315,1
1316,2
1317,8
1318,4
1319,4
1320,1
1321,1
1322,1
1323,2
1324,7
1325,4
1326,4
1327,4
1328,1
1329,1
1330,1
1331,8
1332,4
1333,4
1334,7
1335,1
1336,1
1337,1
1338,4
1339,4
1340,4
1341,7
1342,2
1343,1
1344,1
1345,1
1346,4
1347,4
1348,4
1349,2
1350,1
1351,2
1352,7
1353,4
1354,4
1355,1
1356,1
1357,1
1358,2
1359,2
1360,4
1361,4
1362,7
1363,8
1364,1
1365,1
1366,4
1367,4
1368,4
1369,7
1370,2
1371,1
1372,1
1373,1
1374,4
1375,4
1376,4
1377,8
1378,1
1379,1
1380,7
1381,4
1382,4
1383,4
1384,1
1385,1
1386,1
1387,2
1388,7
1389,4
1390,7
1391,8
1392,1
1393,1
1394,4
1395,4
1396,4
1397,7
1398,2
1399,1
1400,1
1401,1
1402,4
1403,4
1404,4
1405,8
1406,1
1407,1
1408,2
1409,4
1410,4
1411,4
1412,1
1413,1
1414,1
1415,2
1416,7
1417,4
1418,4
1419,4
1420,1
1421,1
1422,1
1423,7
1424,4
1425,7
1426,2
1427,1
1428,1
1429,1
1430,4
1431,4
1432,4
1433,7
1434,1
1435,1
1436,2
1437,8
1438,4
1439,4
1440,1
1441,1
1442,1
1443,2
1444,7
1445,4
1446,4
1447,4
1448,1
1449,1
1450,1
1451,8
1452,4
1453,4
1454,2
1455,1
1456,1
1457,1
1458,4
1459,4
1460,4
1461,7
1462,2
1463,1
1464,2
1465,8
1466,4
1467,4
1468,1
1469,1
1470,1
1471,2
1472,7
1473,4
1474,4
1475,4
1476,1
1477,1
1478,1
1479,8
1480,4
1481,4
1482,7
1483,1
1484,1
1485,1
1486,4
1487,4
1488,4
1489,7
1490,2
1491,1
1492,1
1493,1
1494,4
1495,4
1496,4
1497,2
1498,1
1499,2
1500,7
1501,4
1502,4
1503,1
1504,1
1505,1
1506,2
1507,2
1508,4
1509,4
1510,7
1511,8
1512,1
1513,1
1514,4
1515,4
1516,4
1517,7
1518,2
1519,1
1520,1
1521,1
1522,4
1523,4
1524,4
1525,8
1526,1
1527,1
1528,7
1529,4
1530,4
1531,4
1532,1
1533,1
1534,1
1535,2
1536,7
1537,4
1538,7
1539,8
1540,1
1541,1
1542,4
1543,4
1544,4
1545,7
1546,2
1547,1
1548,1
1549,1
1550,4
1551,4
1552,4
1553,8
1554,1
1555,1
1556,2
1557,4
1558,4
1559,4
1560,1
1561,1
1562,1
1563,2
1564,7
1565,4
1566,4
1567,4
1568,1
1569,1
1570,1
1571,7
1572,4
1573,7
1574,2
1575,1
1576,1
1577,1
1578,4
1579,4
1580,4
1581,7
1582,1
1583,1
1584,2
1585,8
1586,4
1587,4
1588,1
1589,1
1590,1
1591,2
1592,7
1593,4
1594,4
1595,4
1596,1
1597,1
1598,1
1599,8
1600,4
1601,4
1602,2
1603,1
1604,1
1605,1
1606,4
1607,4
1608,4
1609,7
1610,2
1611,1
1612,2
1613,8
1614,4
1615,4
1616,1
1617,1
1618,1
1619,2
1620,7
1621,4
1622,4
1623,4
1624,1
1625,1
1626,1
1627,8
1628,4
1629,4
1630,7
1631,1
1632,1
1633,1
1634,4
1635,4
1636,4
1637,7
1638,2
1639,1
1640,1
1641,1
1642,4
1643,4
1644,4
1645,2
1646,1
1647,2
1648,7
1649,4
1650,4
1651,1
1652,1
1653,1
1654,2
1655,2
1656,4
1657,4
1658,7
1659,8
1660,1
1661,1
1662,4
1663,4
1664,4
1665,7
1666,2
1667,1
1668,1
1669,1
1670,4
1671,4
1672,4
1673,8
1674,1
1675,1
1676,7
1677,4
1678,4
1679,4
1680,1
1681,1
1682,1
1683,2
1684,7
1685,4
1686,7
1687,8
1688,1
1689,1
1690,4
1691,4
1692,4
1693,7
1694,2
1695,1
1696,1
1697,1
1698,4
1699,4
1700,4
1701,8
1702,1
1703,1
1704,2
1705,4
1706,4
1707,4
1708,1
1709,1
1710,1
1711,2
1712,7
1713,4
1714,4
1715,4
1716,1
1717,1
1718,1
1719,7
1720,4
1721,7
1722,2
1723,1
1724,1
1725,1
1726,4
1727,4
1728,4
1729,7
1730,1
1731,1
1732,2
1733,8
1734,4
1735,4
1736,1
1737,1
1738,1
1739,2
1740,7
1741,4
1742,4
1743,4
1744,1
1745,1
1746,1
1747,8
1748,4
1749,4
1750,2
1751,1
1752,1
1753,1
1754,4
1755,4
1756,4
1757,7
1758,2
1759,1
1760,2
1761,8
1762,4
1763,4
1764,1
1765,1
1766,1
1767,2
1768,7
1769,4
1770,4
1771,4
1772,1
1773,1
1774,1
1775,8
1776,4
1777,4
1778,7
1779,1
1780,1
1781,1
1782,4
1783,4
1784,4
1785,7
1786,2
1787,1
1788,1
1789,1
1790,4
1791,4
1792,4
1793,2
1794,1
1795,2
1796,7
1797,4
1798,4
1799,1
1800,1
1801,1
1802,2
1803,2
1804,4
1805,4
1806,7
1807,8
1808,1
1809,1
1810,4
1811,4
1812,4
1813,7
1814,2
1815,1
1816,1
1817,1
1818,4
1819,4
1820,4
1821,8
1822,1
1823,1
1824,7
1825,4
1826,4
1827,4
1828,1
1829,1
1830,1
1831,2
1832,7
1833,4
1834,7
1835,8
1836,1
1837,1
1838,4
1839,4
1840,4
1841,7
1842,2
1843,1
1844,1
1845,1
1846,4
1847,4
1848,4
1849,8
1850,1
1851,1
1852,2
1853,4
1854,4
1855,4
1856,1
1857,1
1858,1
1859,2
1860,7
1861,4
1862,4
1863,4
1864,1
1865,1
1866,1
1867,7
1868,4
1869,7
1870,2
1871,1
1872,1
1873,1
1874,4
1875,4
1876,4
1877,7
1878,1
1879,1
1880,2
1881,8
1882,4
1883,4
1884,1
1885,1
1886,1
1887,2
1888,7
1889,4
1890,4
1891,4
1892,1
1893,1
1894,1
1895,8
1896,4
1897,4
1898,2
1899,1
1900,1
1901,1
1902,4
1903,4
1904,4
1905,7
1906,2
1907,1
1908,2
1909,8
1910,4
1911,4
1912,1
1913,1
1914,1
1915,2
1916,7
1917,4
1918,4
1919,4
1920,1
1921,1
1922,1
1923,8
1924,4
1925,4
1926,7
1927,1
1928,1
1929,1
1930,4
1931,4
1932,4
1933,7
1934,2
1935,1
1936,1
1937,1
1938,4
1939,4
1940,4
1941,2
1942,1
1943,2
1944,7
1945,4
1946,4
1947,1
1948,1
1949,1
1950,2
1951,2
1952,4
1953,4
1954,7
1955,8
1956,1
1957,1
1958,4
1959,4
1960,4
1961,7
1962,2
1963,1
1964,1
1965,1
1966,4
1967,4
1968,4
1969,8
1970,1
1971,1
1972,7
1973,4
1974,4
1975,4
1976,1
1977,1
1978,1
1979,2
1980,7
1981,4
1982,7
1983,8
1984,1
1985,1
1986,4
1987,4
1988,4
1989,7
1990,2
1991,1
1992,1
1993,1
1994,4
1995,4
1996,4
1997,8
1998,1
1999,1
2000,2
2001,4
2002,4
2003,4
2004,1
2005,1
2006,1
2007,2
2008,7
2009,4
2010,4
2011,4
2012,1
2013,1
2014,1
2015,7
2016,4
2017,7
2018,2
2019,1
2020,1
2021,1
2022,4
2023,4
2024,4
2025,7
2026,1
2027,1
2028,2
2029,8
2030,4
2031,4
2032,1
2033,1
2034,1
2035,2
2036,7
2037,4
2038,4
2039,4
2040,1
2041,1
2042,1
2043,8
2044,4
2045,4
2046,2
2047,1
2048,1
2049,1
2050,4
2051,4
2052,4
2053,7
2054,2
2055,1
2056,2
2057,8
2058,4
2059,4
2060,1
2061,1
2062,1
2063,2
2064,7
2065,4
2066,4
2067,4
2068,1
2069,1
2070,1
2071,8
2072,4
2073,4
2074,7
2075,1
2076,1
2077,1
2078,4
2079,4
2080,4
2081,7
2082,2
2083,1
2084,1
2085,1
2086,4
2087,4
2088,4
2089,2
2090,1
2091,2
2092,7
2093,4
2094,4
2095,1
2096,1
2097,1
2098,2
2099,2
2100,4
2101,4
2102,7
2103,8
2104,1
2105,1
2106,4
2107,4
2108,4
2109,7
2110,2
2111,1
2112,1
2113,1
2114,4
2115,4
2116,4
2117,8
2118,1
2119,1
2120,7
2121,4
2122,4
2123,4
2124,1
2125,1
2126,1
2127,2
2128,7
2129,4
2130,7
2131,8
2132,1
2133,1
2134,4
2135,4
2136,4
2137,7
2138,2
2139,1
2140,1
2141,1
2142,4
2143,4
2144,4
2145,8
2146,1
2147,1
2148,2
2149,4
2150,4
2151,4
2152,1
2153,1
2154,1
2155,2
2156,7
2157,4
2158,4
2159,4
2160,1
2161,1
2162,1
2163,7
2164,4
2165,7
2166,2
2167,1
2168,1
2169,1
2170,4
2171,4
2172,4
2173,7
2174,1
2175,1
2176,2
2177,8
2178,4
2179,4
2180,1
2181,1
2182,1
2183,2
2184,7
2185,4
2186,4
2187,4
2188,1
2189,1
2190,1
2191,8
2192,4
2193,4
2194,2
2195,1
2196,1
2197,1
2198,4
2199,4
2200,4
2201,7
2202,2
2203,1
2204,2
2205,8
2206,4
2207,4
2208,1
2209,1
2210,1
2211,2
2212,7
2213,4
2214,4
2215,4
2216,1
2217,1
2218,1
2219,8
2220,4
2221,4
2222,7
2223,1
2224,1
2225,1
2226,4
2227,4
2228,4
2229,7
2230,2
2231,1
2232,1
2233,1
2234,4
2235,4
2236,4
2237,2
2238,1
2239,2
2240,7
2241,4
2242,4
2243,1
2244,1
2245,1
2246,2
2247,2
2248,4
2249,4
2250,7
2251,8
2252,1
2253,1
2254,4
2255,4
2256,4
2257,7
2258,2
2259,1
2260,1
2261,1
2262,4
2263,4
2264,4
2265,8
2266,1
2267,1
2268,7
2269,4
2270,4
2271,4
2272,1
2273,1
2274,1
2275,2
2276,7
2277,4
2278,7
2279,8
2280,1
2281,1
2282,4
2283,4
2284,4
2285,7
2286,2
2287,1
2288,1
2289,1
2290,4
2291,4
2292,4
2293,8
2294,1
2295,1
2296,2
2297,4
2298,4
2299,4
2300,1
2301,1
2302,1
2303,2
2304,7
2305,4
2306,4
2307,4
2308,1
2309,1
2310,1
2311,7
2312,4
2313,7
2314,2
2315,1
2316,1
2317,1
2318,4
2319,4
2320,4
2321,7
2322,1
2323,1
2324,2
2325,8
2326,4
2327,4
2328,1
2329,1
2330,1
2331,2
2332,7
2333,4
2334,4
2335,4
2336,1
2337,1
2338,1
2339,8
2340,4
2341,4
2342,2
2343,1
2344,1
2345,1
2346,4
2347,4
2348,4
2349,7
2350,2
2351,1
2352,2
2353,8
2354,4
2355,4
2356,1
2357,1
2358,1
2359,2
2360,7
2361,4
2362,4
2363,4
2364,1
2365,1
2366,1
2367,8
2368,4
2369,4
2370,7
2371,1
2372,1
2373,1
2374,4
2375,4
2376,4
2377,7
2378,2
2379,1
2380,1
2381,1
2382,4
2383,4
2384,4
2385,2
2386,1
2387,2
2388,7
2389,4
2390,4
2391,1
2392,1
2393,1
2394,2
2395,2
2396,4
2397,4
2398,7
2399,8
2400,1
2401,1
2402,4
2403,4
2404,4
2405,7
2406,2
2407,1
2408,1
2409,1
2410,4
2411,4
2412,4
2413,8
2414,1
2415,1
2416,7
2417,4
2418,4
2419,4
2420,1
2421,1
2422,1
2423,2
2424,7
2425,4
2426,7
2427,8
2428,1
2429,1
2430,4
2431,4
2432,4
2433,7
2434,2
2435,1
2436,1
2437,1
2438,4
2439,4
2440,4
2441,8
2442,1
2443,1
2444,2
2445,4
2446,4
2447,4
2448,1
2449,1
2450,1
2451,2
2452,7
2453,4
2454,4
2455,4
2456,1
2457,1
2458,1
2459,7
2460,4
2461,7
2462,2
2463,1
2464,1
2465,1
2466,4
2467,4
2468,4
2469,7
2470,1
2471,1
2472,2
2473,8
2474,4
2475,4
2476,1
2477,1
2478,1
2479,2
2480,7
2481,4
2482,4
2483,4
2484,1
2485,1
2486,1
2487,8
2488,4
2489,4
2490,2
2491,1
2492,1
2493,1
2494,4
2495,4
2496,4
2497,7
2498,2
2499,1
2500,2
2501,8
2502,4
2503,4
2504,1
2505,1
2506,1
2507,2
2508,7
2509,4
2510,4
2511,4
2512,1
2513,1
2514,1
2515,8
2516,4
2517,4
2518,7
2519,1
2520,1
2521,1
2522,4
2523,4
2524,4
2525,7
2526,2
2527,1
2528,1
2529,1
2530,4
2531,4
2532,4
2533,2
2534,1
2535,2
2536,7
2537,4
2538,4
2539,1
2540,1
2541,1
2542,2
2543,2
2544,4
2545,4
2546,7
2547,8
2548,1
2549,1
2550,4
2551,4
2552,4
2553,7
2554,2
2555,1
2556,1
2557,1
2558,4
2559,4
2560,4
2561,8
2562,1
2563,1
2564,7
2565,4
2566,4
2567,4
2568,1
2569,1
2570,1
2571,2
2572,7
2573,4
2574,7
2575,8
2576,1
2577,1
2578,4
2579,4
2580,4
2581,7
2582,2
2583,1
2584,1
2585,1
2586,4
2587,4
2588,4
2589,8
2590,1
2591,1
2592,2
2593,4
2594,4
2595,4
2596,1
2597,1
2598,1
2599,2
2600,7
2601,4
2602,4
2603,4
2604,1
2605,1
2606,1
2607,7
2608,4
2609,7
2610,2
2611,1
2612,1
2613,1
2614,4
2615,4
2616,4
2617,7
2618,1
2619,1
2620,2
2621,8
2622,4
2623,4
2624,1
2625,1
2626,1
2627,2
2628,7
2629,4
2630,4
2631,4
2632,1
2633,1
2634,1
2635,8
2636,4
2637,4
2638,2
2639,1
2640,1
2641,1
2642,4
2643,4
2644,4
2645,7
2646,2
2647,1
2648,2
2649,8
2650,4
2651,4
2652,1
2653,1
2654,1
2655,2
2656,7
2657,4
2658,4
2659,4
2660,1
2661,1
2662,1
2663,8
2664,4
2665,4
2666,7
2667,1
2668,1
2669,1
2670,4
2671,4
2672,4
2673,7
2674,2
2675,1
2676,1
2677,1
2678,4
2679,4
2680,4
2681,2
2682,1
2683,2
2684,7
2685,4
2686,4
2687,1
2688,1
2689,1
2690,2
2691,2
2692,4
2693,4
2694,7
2695,8
2696,1
2697,1
2698,4
2699,4
2700,4
2701,7
2702,2
2703,1
2704,1
2705,1
2706,4
2707,4
2708,4
2709,8
2710,1
2711,1
2712,7
2713,4
2714,4
2715,4
2716,1
2717,1
2718,1
2719,2
2720,7
2721,4
2722,7
2723,8
2724,1
2725,1
2726,4
2727,4
2728,4
2729,7
2730,2
2731,1
2732,1
2733,1
2734,4
2735,4
2736,4
2737,8
2738,1
2739,1
2740,2
2741,4
2742,4
2743,4
2744,1
2745,1
2746,1
2747,2
2748,7
2749,4
2750,4
2751,4
2752,1
2753,1
2754,1
2755,7
2756,4
2757,7
2758,2
2759,1
2760,1
2761,1
2762,4
2763,4
2764,4
2765,7
2766,1
2767,1
2768,2
2769,8
2770,4
2771,4
2772,1
2773,1
2774,1
2775,2
2776,7
2777,4
2778,4
2779,4
2780,1
2781,1
2782,1
2783,8
2784,4
2785,4
2786,2
2787,1
2788,1
2789,1
2790,4
2791,4
2792,4
2793,7
2794,2
2795,1
2796,2
2797,8
2798,4
2799,4
2800,1
2801,1
2802,1
2803,2
2804,7
2805,4
2806,4
2807,4
2808,1
2809,1
2810,1
2811,8
2812,4
2813,4
2814,7
2815,1
2816,1
2817,1
2818,4
2819,4
2820,4
2821,7
2822,2
2823,1
2824,1
2825,1
2826,4
2827,4
2828,4
2829,2
2830,1
2831,2
2832,7
2833,4
2834,4
2835,1
2836,1
2837,1
2838,2
2839,2
2840,4
2841,4
2842,7
2843,8
2844,1
2845,1
2846,4
2847,4
2848,4
2849,7
2850,2
2851,1
2852,1
2853,1
2854,4
2855,4
2856,4
2857,8
2858,1
2859,1
2860,7
2861,4
2862,4
2863,4
2864,1
2865,1
2866,1
2867,2
2868,7
2869,4
2870,7
2871,8
2872,1
2873,1
2874,4
2875,4
2876,4
2877,7
2878,2
2879,1
2880,1
2881,1
2882,4
2883,4
2884,4
2885,8
2886,1
2887,1
2888,2
2889,4
2890,4
2891,4
2892,1
2893,1
2894,1
2895,2
2896,7
2897,4
2898,4
2899,4
2900,1
2901,1
2902,1
2903,7
2904,4
2905,7
2906,2
2907,1
2908,1
2909,1
2910,4
2911,4
2912,4
2913,7
2914,1
2915,1
2916,2
2917,8
2918,4
2919,4
2920,1
2921,1
2922,1
2923,2
2924,7
2925,4
2926,4
2927,4
2928,1
2929,1
2930,1
2931,8
2932,4
2933,4
2934,2
2935,1
2936,1
2937,1
2938,4
2939,4
2940,4
2941,7
2942,2
2943,1
2944,2
2945,8
2946,4
2947,4
2948,1
2949,1
2950,1
2951,2
2952,7
2953,4
2954,4
2955,4
2956,1
2957,1
2958,1
2959,8
2960,4
2961,4
2962,7
2963,1
2964,1
2965,1
2966,4
2967,4
2968,4
2969,7
2970,2
2971,1
2972,1
2973,1
2974,4
2975,4
2976,4
2977,2
2978,1
2979,2
2980,7
2981,4
2982,4
2983,1
2984,1
2985,1
2986,2
2987,2
2988,4
2989,4
2990,7
2991,8
2992,1
2993,1
2994,4
2995,4
2996,4
2997,7
2998,2
2999,1
3000,1
3001,1
3002,4
3003,4
3004,4
3005,8
3006,1
3007,1
3008,7
3009,4
3010,4
3011,4
3012,1
3013,1
3014,1
3015,2
3016,7
3017,4
3018,7
3019,8
3020,1
3021,1
3022,4
3023,4
3024,4
3025,7
3026,2
3027,1
3028,1
3029,1
3030,4
3031,4
3032,4
3033,8
3034,1
3035,1
3036,2
3037,4
3038,4
3039,4
3040,1
3041,1
3042,1
3043,2
3044,7
3045,4
3046,4
3047,4
3048,1
3049,1
3050,1
3051,7
3052,4
3053,7
3054,2
3055,1
3056,1
3057,1
3058,4
3059,4
3060,4
3061,7
3062,1
3063,1
3064,2
3065,8
3066,4
3067,4
3068,1
3069,1
3070,1
3071,2
3072,7
3073,4
3074,4
3075,4
3076,1
3077,1
3078,1
3079,8
3080,4
3081,4
3082,2
3083,1
3084,1
3085,1
3086,4
3087,4
3088,4
3089,7
3090,2
3091,1
3092,2
3093,8
3094,4
3095,4
3096,1
3097,1
3098,1
3099,2
3100,7
3101,4
3102,4
3103,4
3104,1
3105,1
3106,1
3107,8
3108,4
3109,4
3110,7
3111,1
3112,1
3113,1
3114,4
3115,4
3116,4
3117,7
3118,2
3119,1
3120,1
3121,1
3122,4
3123,4
3124,4
3125,2
3126,1
3127,2
3128,7
3129,4
3130,4
3131,1
3132,1
3133,1
3134,2
3135,2
3136,4
3137,4
3138,7
3139,8
3140,1
3141,1
3142,4
3143,4
3144,4
3145,7
3146,2
3147,1
3148,1
3149,1
3150,4
3151,4
3152,4
3153,8
3154,1
3155,1
3156,7
3157,4
3158,4
3159,4
3160,1
3161,1
3162,1
3163,2
3164,7
3165,4
3166,7
3167,8
3168,1
3169,1
3170,4
3171,4
3172,4
3173,7
3174,2
3175,1
3176,1
3177,1
3178,4
3179,4
3180,4
3181,8
3182,1
3183,1
3184,2
3185,4
3186,4
3187,4
3188,1
3189,1
3190,1
3191,2
3192,7
3193,4
3194,4
3195,4
3196,1
3197,1
3198,1
3199,7
3200,4
3201,7
3202,2
3203,1
3204,1
3205,1
3206,4
3207,4
3208,4
3209,7
3210,1
3211,1
3212,2
3213,8
3214,4
3215,4
3216,1
3217,1
3218,1
3219,2
3220,7
3221,4
3222,4
3223,4
3224,1
3225,1
3226,1
3227,8
3228,4
3229,4
3230,2
3231,1
3232,1
3233,1
3234,4
3235,4
3236,4
3237,7
3238,2
3239,1
3240,2
3241,8
3242,4
3243,4
3244,1
3245,1
3246,1
3247,2
3248,7
3249,4
3250,4
3251,4
3252,1
3253,1
3254,1
3255,8
3256,4
3257,4
3258,7
3259,1
3260,1
3261,1
3262,4
3263,4
3264,4
3265,7
3266,2
3267,1
3268,1
3269,1
3270,4
3271,4
3272,4
3273,2
3274,1
3275,2
3276,7
3277,4
3278,4
3279,1
3280,1
3281,1
3282,2
3283,2
3284,4
3285,4
3286,7
3287,8
3288,1
3289,1
3290,4
3291,4
3292,4
3293,7
3294,2
3295,1
3296,1
3297,1
3298,4
3299,4
3300,4
3301,8
3302,1
3303,1
3304,7
3305,4
3306,4
3307,4
3308,1
3309,1
3310,1
3311,2
3312,7
3313,4
3314,7
3315,8
3316,1
3317,1
3318,4
3319,4
3320,4
3321,7
3322,2
3323,1
3324,1
3325,1
3326,4
3327,4
3328,4
3329,8
3330,1
3331,1
3332,2
3333,4
3334,4
3335,4
3336,1
3337,1
3338,1
3339,2
3340,7
3341,4
3342,4
3343,4
3344,1
3345,1
3346,1
3347,7
3348,4
3349,7
3350,2
3351,1
3352,1
3353,1
3354,4
3355,4
3356,4
3357,7
3358,1
3359,1
3360,2
3361,8
3362,4
3363,4
3364,1
3365,1
3366,1
3367,2
3368,7
3369,4
3370,4
3371,4
3372,1
3373,1
3374,1
3375,8
3376,4
3377,4
3378,2
3379,1
3380,1
3381,1
3382,4
3383,4
3384,4
3385,7
3386,2
3387,1
3388,2
3389,8
3390,4
3391,4
3392,1
3393,1
3394,1
3395,2
3396,7
3397,4
3398,4
3399,4
3400,1
3401,1
3402,1
3403,8
3404,4
3405,4
3406,7
3407,1
3408,1
3409,1
3410,4
3411,4
3412,4
3413,7
3414,2
3415,1
3416,1
3417,1
3418,4
3419,4
3420,4
3421,2
3422,1
3423,2
3424,7
3425,4
3426,4
3427,1
3428,1
3429,1
3430,2
3431,2
3432,4
3433,4
3434,7
3435,8
3436,1
3437,1
3438,4
3439,4
3440,4
3441,7
3442,2
3443,1
3444,1
3445,1
3446,4
3447,4
3448,4
3449,8
3450,1
3451,1
3452,7
3453,4
3454,4
3455,4
3456,1
3457,1
3458,1
3459,2
3460,7
3461,4
3462,7
3463,8
3464,1
3465,1
3466,4
3467,4
3468,4
3469,7
3470,2
3471,1
3472,1
3473,1
3474,4
3475,4
3476,4
3477,8
3478,1
3479,1
3480,2
3481,4
3482,4
3483,4
3484,1
3485,1
3486,1
3487,2
3488,7
3489,4
3490,4
3491,4
3492,1
3493,1
3494,1
3495,7
3496,4
3497,7
3498,2
3499,1
3500,1
3501,1
3502,4
3503,4
3504,4
3505,7
3506,1
3507,1
3508,2
3509,8
3510,4
3511,4
3512,1
3513,1
3514,1
3515,2
3516,7
3517,4
3518,4
3519,4
3520,1
3521,1
3522,1
3523,8
3524,4
3525,4
3526,2
3527,1
3528,1
3529,1
3530,4
3531,4
3532,4
3533,7
3534,2
3535,1
3536,2
3537,8
3538,4
3539,4
3540,1
3541,1
3542,1
3543,2
3544,7
3545,4
3546,4
3547,4
3548,1
3549,1
3550,1
3551,8
3552,4
3553,4
3554,7
3555,1
3556,1
3557,1
3558,4
3559,4
3560,4
3561,7
3562,2
3563,1
3564,1
3565,1
3566,4
3567,4
3568,4
3569,2
3570,1
3571,2
3572,7
3573,4
3574,4
3575,1
3576,1
3577,1
3578,2
3579,2
3580,4
3581,4
3582,7
3583,8
3584,1
3585,1
3586,4
3587,4
3588,4
3589,7
3590,2
3591,1
3592,1
3593,1
3594,4
3595,4
3596,4
3597,8
3598,1
3599,1
3600,7
3601,4
3602,4
3603,4
3604,1
3605,1
3606,1
3607,2
3608,7
3609,4
3610,7
3611,8
3612,1
3613,1
3614,4
3615,4
3616,4
3617,7
3618,2
3619,1
3620,1
3621,1
3622,4
3623,4
3624,4
3625,8
3626,1
3627,1
3628,2
3629,4
3630,4
3631,4
3632,1
3633,1
3634,1
3635,2
3636,7
3637,4
3638,4
3639,4
3640,1
3641,1
3642,1
3643,7
3644,4
3645,7
3646,2
3647,1
3648,1
3649,1
3650,4
3651,4
3652,4
3653,7
3654,1
3655,1
3656,2
3657,8
3658,4
3659,4
3660,1
3661,1
3662,1
3663,2
3664,7
3665,4
3666,4
3667,4
3668,1
3669,1
3670,1
3671,8
3672,4
3673,4
3674,2
3675,1
3676,1
3677,1
3678,4
3679,4
3680,4
3681,7
3682,2
3683,1
3684,2
3685,8
3686,4
3687,4
3688,1
3689,1
3690,1
3691,2
3692,7
3693,4
3694,4
3695,4
3696,1
3697,1
3698,1
3699,8
3700,4
3701,4
3702,7
3703,1
3704,1
3705,1
3706,4
3707,4
3708,4
3709,7
3710,2
3711,1
3712,1
3713,1
3714,4
3715,4
3716,4
3717,2
3718,1
3719,2
3720,7
3721,4
3722,4
3723,1
3724,1
3725,1
3726,2
3727,2
3728,4
3729,4
3730,7
3731,8
3732,1
3733,1
3734,4
3735,4
3736,4
3737,7
3738,2
3739,1
3740,1
3741,1
3742,4
3743,4
3744,4
3745,8
3746,1
3747,1
3748,7
3749,4
3750,4
3751,4
3752,1
3753,1
3754,1
3755,2
3756,7
3757,4
3758,7
3759,8
3760,1
3761,1
3762,4
3763,4
3764,4
3765,7
3766,2
3767,1
3768,1
3769,1
3770,4
3771,4
3772,4
3773,8
3774,1
3775,1
3776,2
3777,4
3778,4
3779,4
3780,1
3781,1
3782,1
3783,2
3784,7
3785,4
3786,4
3787,4
3788,1
3789,1
3790,1
3791,7
3792,4
3793,7
3794,2
3795,1
3796,1
3797,1
3798,4
3799,4
3800,4
3801,7
3802,1
3803,1
3804,2
3805,8
3806,4
3807,4
3808,1
3809,1
3810,1
3811,2
3812,7
3813,4
3814,4
3815,4
3816,1
3817,1
3818,1
3819,8
3820,4
3821,4
3822,2
3823,1
3824,1
3825,1
3826,4
3827,4
3828,4
3829,7
3830,2
3831,1
3832,2
3833,8
3834,4
3835,4
3836,1
3837,1
3838,1
3839,2
3840,7
3841,4
3842,4
3843,4
3844,1
3845,1
3846,1
3847,8
3848,4
3849,4
3850,7
3851,1
3852,1
3853,1
3854,4
3855,4
3856,4
3857,7
3858,2
3859,1
3860,1
3861,1
3862,4
3863,4
3864,4
3865,2
3866,1
3867,2
3868,7
3869,4
3870,4
3871,1
3872,1
3873,1
3874,2
3875,2
3876,4
3877,4
3878,7
3879,8
3880,1
3881,1
3882,4
3883,4
3884,4
3885,7
3886,2
3887,1
3888,1
3889,1
3890,4
3891,4
3892,4
3893,8
3894,1
3895,1
3896,7
3897,4
3898,4
3899,4
3900,1
3901,1
3902,1
3903,2
3904,7
3905,4
3906,7
3907,8
3908,1
3909,1
3910,4
3911,4
3912,4
3913,7
3914,2
3915,1
3916,1
3917,1
3918,4
3919,4
3920,4
3921,8
3922,1
3923,1
3924,2
3925,4
3926,4
3927,4
3928,1
3929,1
3930,1
3931,2
3932,7
3933,4
3934,4
3935,4
3936,1
3937,1
3938,1
3939,7
3940,4
3941,7
3942,2
3943,1
3944,1
3945,1
3946,4
3947,4
3948,4
3949,7
3950,1
3951,1
3952,2
3953,8
3954,4
3955,4
3956,1
3957,1
3958,1
3959,2
3960,7
3961,4
3962,4
3963,4
3964,1
3965,1
3966,1
3967,8
3968,4
3969,4
3970,2
3971,1
3972,1
3973,1
3974,4
3975,4
3976,4
3977,7
3978,2
3979,1
3980,2
3981,8
3982,4
3983,4
3984,1
3985,1
3986,1
3987,2
3988,7
3989,4
3990,4
3991,4
3992,1
3993,1
3994,1
3995,8
3996,4
3997,4
3998,7
3999,1
4000,1
4001,1
4002,4
4003,4
4004,4
4005,7
4006,2
4007,1
4008,1
4009,1
4010,4
4011,4
4012,4
4013,2
4014,1
4015,2
4016,7
4017,4
4018,4
4019,1
4020,1
4021,1
4022,2
4023,2
4024,4
4025,4
4026,7
4027,8
4028,1
4029,1
4030,4
4031,4
4032,4
4033,7
4034,2
4035,1
4036,1
4037,1
4038,4
4039,4
4040,4
4041,8
4042,1
4043,1
4044,7
4045,4
4046,4
4047,4
4048,1
4049,1
4050,1
4051,2
4052,7
4053,4
4054,7
4055,8
4056,1
4057,1
4058,4
4059,4
4060,4
4061,7
4062,2
4063,1
4064,1
4065,1
4066,4
4067,4
4068,4
4069,8
4070,1
4071,1
4072,2
4073,4
4074,4
4075,4
4076,1
4077,1
4078,1
4079,2
4080,7
4081,4
4082,4
4083,4
4084,1
4085,1
4086,1
4087,7
4088,4
4089,7
4090,2
4091,1
4092,1
4093,1
4094,4
4095,4
4096,4
4097,7
4098,1
4099,1
4100,2
4101,8
4102,4
4103,4
4104,1
4105,1
4106,1
4107,2
4108,7
4109,4
4110,4
4111,4
4112,1
4113,1
4114,1
4115,8
4116,4
4117,4
4118,2
4119,1
4120,1
4121,1
4122,4
4123,4
4124,4
4125,7
4126,2
4127,1
4128,2
4129,8
4130,4
4131,4
4132,1
4133,1
4134,1
4135,2
4136,7
4137,4
4138,4
4139,4
4140,1
4141,1
4142,1
4143,8
4144,4
4145,4
4146,7
4147,1
4148,1
4149,1
4150,4
4151,4
4152,4
4153,7
4154,2
4155,1
4156,1
4157,1
4158,4
4159,4
4160,4
4161,2
4162,1
4163,2
4164,7
4165,4
4166,4
4167,1
4168,1
4169,1
4170,2
4171,2
4172,4
4173,4
4174,7
4175,8
4176,1
4177,1
4178,4
4179,4
4180,4
4181,7
4182,2
4183,1
4184,1
4185,1
4186,4
4187,4
4188,4
4189,8
4190,1
4191,1
4192,7
4193,4
4194,4
4195,4
4196,1
4197,1
4198,1
4199,2
4200,7
4201,4
4202,7
4203,8
4204,1
4205,1
4206,4
4207,4
4208,4
4209,7
4210,2
4211,1
4212,1
4213,1
4214,4
4215,4
4216,4
4217,8
4218,1
4219,1
4220,2
4221,4
4222,4
4223,4
4224,1
4225,1
4226,1
4227,2
4228,7
4229,4
4230,4
4231,4
4232,1
4233,1
4234,1
4235,7
4236,4
4237,7
4238,2
4239,1
4240,1
4241,1
4242,4
4243,4
4244,4
4245,7
4246,1
4247,1
4248,2
4249,8
4250,4
4251,4
4252,1
4253,1
4254,1
4255,2
4256,7
4257,4
4258,4
4259,4
4260,1
4261,1
4262,1
4263,8
4264,4
4265,4
4266,2
4267,1
4268,1
4269,1
4270,4
4271,4
4272,4
4273,7
4274,2
4275,1
4276,2
4277,8
4278,4
4279,4
4280,1
4281,1
4282,1
4283,2
4284,7
4285,4
4286,4
4287,4
4288,1
4289,1
4290,1
4291,8
4292,4
4293,4
4294,7
4295,1
4296,1
4297,1
4298,4
4299,4
4300,4
4301,7
4302,2
4303,1
4304,1
4305,1
4306,4
4307,4
4308,4
4309,2
4310,1
4311,2
4312,7
4313,4
4314,4
4315,1
4316,1
4317,1
4318,2
4319,2
4320,4
4321,4
4322,7
4323,8
4324,1
4325,1
4326,4
4327,4
4328,4
4329,7
4330,2
4331,1
4332,1
4333,1
4334,4
4335,4
4336,4
4337,8
4338,1
4339,1
4340,7
4341,4
4342,4
4343,4
4344,1
4345,1
4346,1
4347,2
4348,7
4349,4
4350,7
4351,8
4352,1
4353,1
4354,4
4355,4
4356,4
4357,7
4358,2
4359,1
4360,1
4361,1
4362,4
4363,4
4364,4
4365,8
4366,1
4367,1
4368,2
4369,4
4370,4
4371,4
4372,1
4373,1
4374,1
4375,2
4376,7
4377,4
4378,4
4379,4
4380,1
4381,1
4382,1
4383,7
4384,4
4385,7
4386,2
4387,1
4388,1
4389,1
4390,4
4391,4
4392,4
4393,7
4394,1
4395,1
4396,2
4397,8
4398,4
4399,4
4400,1
4401,1
4402,1
4403,2
4404,7
4405,4
4406,4
4407,4
4408,1
4409,1
4410,1
4411,8
4412,4
4413,4
4414,2
4415,1
4416,1
4417,1
4418,4
4419,4
4420,4
4421,7
4422,2
4423,1
4424,2
4425,8
4426,4
4427,4
4428,1
4429,1
4430,1
4431,2
4432,7
4433,4
4434,4
4435,4
4436,1
4437,1
4438,1
4439,8
4440,4
4441,4
4442,7
4443,1
4444,1
4445,1
4446,4
4447,4
4448,4
4449,7
4450,2
4451,1
4452,1
4453,1
4454,4
4455,4
4456,4
4457,2
4458,1
4459,2
4460,7
4461,4
4462,4
4463,1
4464,1
4465,1
4466,2
4467,2
4468,4
4469,4
4470,7
4471,8
4472,1
4473,1
4474,4
4475,4
4476,4
4477,7
4478,2
4479,1
4480,1
4481,1
4482,4
4483,4
4484,4
4485,8
4486,1
4487,1
4488,7
4489,4
4490,4
4491,4
4492,1
4493,1
4494,1
4495,2
4496,7
4497,4
4498,7
4499,8
4500,1
4501,1
4502,4
4503,4
4504,4
4505,7
4506,2
4507,1
4508,1
4509,1
4510,4
4511,4
4512,4
4513,8
4514,1
4515,1
4516,2
4517,4
4518,4
4519,4
4520,1
4521,1
4522,1
4523,2
4524,7
4525,4
4526,4
4527,4
4528,1
4529,1
4530,1
4531,7
4532,4
4533,7
4534,2
4535,1
4536,1
4537,1
4538,4
4539,4
4540,4
4541,7
4542,1
4543,1
4544,2
4545,8
4546,4
4547,4
4548,1
4549,1
4550,1
4551,2
4552,7
4553,4
4554,4
4555,4
4556,1
4557,1
4558,1
4559,8
4560,4
4561,4
4562,2
4563,1
4564,1
4565,1
4566,4
4567,4
4568,4
4569,7
4570,2
4571,1
4572,2
4573,8
4574,4
4575,4
4576,1
4577,1
4578,1
4579,2
4580,7
4581,4
4582,4
4583,4
4584,1
4585,1
4586,1
4587,8
4588,4
4589,4
4590,7
4591,1
4592,1
4593,1
4594,4
4595,4
4596,4
4597,7
4598,2
4599,1
4600,1
4601,1
4602,4
4603,4
4604,4
4605,2
4606,1
4607,2
4608,7
4609,4
4610,4
4611,1
4612,1
4613,1
4614,2
4615,2
4616,4
4617,4
4618,7
4619,8
4620,1
4621,1
4622,4
4623,4
4624,4
4625,7
4626,2
4627,1
4628,1
4629,1
4630,4
4631,4
4632,4
4633,8
4634,1
4635,1
4636,7
4637,4
4638,4
4639,4
4640,1
4641,1
4642,1
4643,2
4644,7
4645,4
4646,7
4647,8
4648,1
4649,1
4650,4
4651,4
4652,4
4653,7
4654,2
4655,1
4656,1
4657,1
4658,4
4659,4
4660,4
4661,8
4662,1
4663,1
4664,2
4665,4
4666,4
4667,4
4668,1
4669,1
4670,1
4671,2
4672,7
4673,4
4674,4
4675,4
4676,1
4677,1
4678,1
4679,7
4680,4
4681,7
4682,2
4683,1
4684,1
4685,1
4686,4
4687,4
4688,4
4689,7
4690,1
4691,1
4692,2
4693,8
4694,4
4695,4
4696,1
4697,1
4698,1
4699,2
4700,7
4701,4
4702,4
4703,4
4704,1
4705,1
4706,1
4707,8
4708,4
4709,4
4710,2
4711,1
4712,1
4713,1
4714,4
4715,4
4716,4
4717,7
4718,2
4719,1
4720,2
4721,8
4722,4
4723,4
4724,1
4725,1
4726,1
4727,2
4728,7
4729,4
4730,4
4731,4
4732,1
4733,1
4734,1
4735,8
4736,4
4737,4
4738,7
4739,1
4740,1
4741,1
4742,4
4743,4
4744,4
4745,7
4746,2
4747,1
4748,1
4749,1
4750,4
4751,4
4752,4
4753,2
4754,1
4755,2
4756,7
4757,4
4758,4
4759,1
4760,1
4761,1
4762,2
4763,2
4764,4
4765,4
4766,7
4767,8
4768,1
4769,1
4770,4
4771,4
4772,4
4773,7
4774,2
4775,1
4776,1
4777,1
4778,4
4779,4
4780,4
4781,8
4782,1
4783,1
4784,7
4785,4
4786,4
4787,4
4788,1
4789,1
4790,1
4791,2
4792,7
4793,4
4794,7
4795,8
4796,1
4797,1
4798,4
4799,4
4800,4
4801,7
4802,2
4803,1
4804,1
4805,1
4806,4
4807,4
4808,4
4809,8
4810,1
4811,1
4812,2
4813,4
4814,4
4815,4
4816,1
4817,1
4818,1
4819,2
4820,7
4821,4
4822,4
4823,4
4824,1
4825,1
4826,1
4827,7
4828,4
4829,7
4830,2
4831,1
4832,1
4833,1
4834,4
4835,4
4836,4
4837,7
4838,1
4839,1
4840,2
4841,8
4842,4
4843,4
4844,1
4845,1
4846,1
4847,2
4848,7
4849,4
4850,4
4851,4
4852,1
4853,1
4854,1
4855,8
4856,4
4857,4
4858,2
4859,1
4860,1
4861,1
4862,4
4863,4
4864,4
4865,7
4866,2
4867,1
4868,2
4869,8
4870,4
4871,4
4872,1
4873,1
4874,1
4875,2
4876,7
4877,4
4878,4
4879,4
4880,1
4881,1
4882,1
4883,8
4884,4
4885,4
4886,7
4887,1
4888,1
4889,1
4890,4
4891,4
4892,4
4893,7
4894,2
4895,1
4896,1
4897,1
4898,4
4899,4
4900,4
4901,2
4902,1
4903,2
4904,7
4905,4
4906,4
4907,1
4908,1
4909,1
4910,2
4911,2
4912,4
4913,4
4914,7
4915,8
4916,1
4917,1
4918,4
4919,4
4920,4
4921,7
4922,2
4923,1
4924,1
4925,1
4926,4
4927,4
4928,4
4929,8
4930,1
4931,1
4932,7
4933,4
4934,4
4935,4
4936,1
4937,1
4938,1
4939,2
4940,7
4941,4
4942,7
4943,8
4944,1
4945,1
4946,4
4947,4
4948,4
4949,7
4950,2
4951,1
4952,1
4953,1
4954,4
4955,4
4956,4
4957,8
4958,1
4959,1
4960,2
4961,4
4962,4
4963,4
4964,1
4965,1
4966,1
4967,2
4968,7
4969,4
4970,4
4971,4
4972,1
4973,1
4974,1
4975,7
4976,4
4977,7
4978,2
4979,1
4980,1
4981,1
4982,4
4983,4
4984,4
4985,7
4986,1
4987,1
4988,2
4989,8
4990,4
4991,4
4992,1
4993,1
4994,1
4995,2
4996,7
4997,4
4998,4
4999,4
5000,1
5001,1
5002,1
5003,8
5004,4
5005,4
5006,2
5007,1
5008,1
5009,1
5010,4
5011,4
5012,4
5013,7
5014,2
5015,1
5016,2
5017,8
5018,4
5019,4
5020,1
5021,1
5022,1
5023,2
5024,7
5025,4
5026,4
5027,4
5028,1
5029,1
5030,1
5031,8
5032,4
5033,4
5034,7
5035,1
5036,1
5037,1
5038,4
5039,4
5040,4
5041,7
5042,2
5043,1
5044,1
5045,1
5046,4
5047,4
5048,4
5049,2
5050,1
5051,2
5052,7
5053,4
5054,4
5055,1
5056,1
5057,1
5058,2
5059,2
5060,4
5061,4
5062,7
5063,8
5064,1
5065,1
5066,4
5067,4
5068,4
5069,7
5070,2
5071,1
5072,1
5073,1
5074,4
5075,4
5076,4
5077,8
5078,1
5079,1
5080,7
5081,4
5082,4
5083,4
5084,1
5085,1
5086,1
5087,2
5088,7
5089,4
5090,7
5091,8
5092,1
5093,1
5094,4
5095,4
5096,4
5097,7
5098,2
5099,1
5100,1
5101,1
5102,4
5103,4
5104,4
5105,8
5106,1
5107,1
5108,2
5109,4
5110,4
5111,4
5112,1
5113,1
5114,1
5115,2
5116,7
5117,4
5118,4
5119,4
5120,1
5121,1
5122,1
5123,7
5124,4
5125,7
5126,2
5127,1
5128,1
5129,1
5130,4
5131,4
5132,4
5133,7
5134,1
5135,1
5136,2
5137,8
5138,4
5139,4
5140,1
5141,1
5142,1
5143,2
5144,7
5145,4
5146,4
5147,4
5148,1
5149,1
5150,1
5151,8
5152,4
5153,4
5154,2
5155,1
5156,1
5157,1
5158,4
5159,4
5160,4
5161,7
5162,2
5163,1
5164,2
5165,8
5166,4
5167,4
5168,1
5169,1
5170,1
5171,2
5172,7
5173,4
5174,4
5175,4
5176,1
5177,1
5178,1
5179,8
5180,4
5181,4
5182,7
5183,1
5184,1
5185,1
5186,4
5187,4
5188,4
5189,7
5190,2
5191,1
5192,1
5193,1
5194,4
5195,4
5196,4
5197,2
5198,1
5199,2
5200,7
5201,4
5202,4
5203,1
5204,1
5205,1
5206,2
5207,2
5208,4
5209,4
5210,7
5211,8
5212,1
5213,1
5214,4
5215,4
5216,4
5217,7
5218,2
5219,1
5220,1
5221,1
5222,4
5223,4
5224,4
5225,8
5226,1
5227,1
5228,7
5229,4
5230,4
5231,4
5232,1
5233,1
5234,1
5235,2
5236,7
5237,4
5238,7
5239,8
5240,1
5241,1
5242,4
5243,4
5244,4
5245,7
5246,2
5247,1
5248,1
5249,1
5250,4
5251,4
5252,4
5253,8
5254,1
5255,1
5256,2
5257,4
5258,4
5259,4
5260,1
5261,1
5262,1
5263,2
5264,7
5265,4
5266,4
5267,4
5268,1
5269,1
5270,1
5271,7
5272,4
5273,7
5274,2
5275,1
5276,1
5277,1
5278,4
5279,4
5280,4
5281,7
5282,1
5283,1
5284,2
5285,8
5286,4
5287,4
5288,1
5289,1
5290,1
5291,2
5292,7
5293,4
5294,4
5295,4
5296,1
5297,1
5298,1
5299,8
5300,4
5301,4
5302,2
5303,1
5304,1
5305,1
5306,4
5307,4
5308,4
5309,7
5310,2
5311,1
5312,2
5313,8
5314,4
5315,4
5316,1
5317,1
5318,1
5319,2
5320,7
5321,4
5322,4
5323,4
5324,1
5325,1
5326,1
5327,8
5328,4
5329,4
5330,7
5331,1
5332,1
5333,1
5334,4
5335,4
5336,4
5337,7
5338,2
5339,1
5340,1
5341,1
5342,4
5343,4
5344,4
5345,2
5346,1
5347,2
5348,7
5349,4
5350,4
5351,1
5352,1
5353,1
5354,2
5355,2
5356,4
5357,4
5358,7
5359,8
5360,1
5361,1
5362,4
5363,4
5364,4
5365,7
5366,2
5367,1
5368,1
5369,1
5370,4
5371,4
5372,4
5373,8
5374,1
5375,1
5376,7
5377,4
5378,4
5379,4
5380,1
5381,1
5382,1
5383,2
5384,7
5385,4
5386,7
5387,8
5388,1
5389,1
5390,4
5391,4
5392,4
5393,7
5394,2
5395,1
5396,1
5397,1
5398,4
5399,4
5400,4
5401,8
5402,1
5403,1
5404,2
5405,4
5406,4
5407,4
5408,1
5409,1
5410,1
5411,2
5412,7
5413,4
5414,4
5415,4
5416,1
5417,1
5418,1
5419,7
5420,4
5421,7
5422,2
5423,1
5424,1
5425,1
5426,4
5427,4
5428,4
5429,7
5430,1
5431,1
5432,2
5433,8
5434,4
5435,4
5436,1
5437,1
5438,1
5439,2
5440,7
5441,4
5442,4
5443,4
5444,1
5445,1
5446,1
5447,8
5448,4
5449,4
5450,2
5451,1
5452,1
5453,1
5454,4
5455,4
5456,4
5457,7
5458,2
5459,1
5460,2
5461,8
5462,4
5463,4
5464,1
5465,1
5466,1
5467,2
5468,7
5469,4
5470,4
5471,4
5472,1
5473,1
5474,1
5475,8
5476,4
5477,4
5478,7
5479,1
5480,1
5481,1
5482,4
5483,4
5484,4
5485,7
5486,2
5487,1
5488,1
5489,1
5490,4
5491,4
5492,4
5493,2
5494,1
5495,2
5496,7
5497,4
5498,4
5499,1
5500,1
5501,1
5502,2
5503,2
5504,4
5505,4
5506,7
5507,8
5508,1
5509,1
5510,4
5511,4
5512,4
5513,7
5514,2
5515,1
5516,1
5517,1
5518,4
5519,4
5520,4
5521,8
5522,1
5523,1
5524,7
5525,4
5526,4
5527,4
5528,1
5529,1
5530,1
5531,2
5532,7
5533,4
5534,7
5535,8
5536,1
5537,1
5538,4
5539,4
5540,4
5541,7
5542,2
5543,1
5544,1
5545,1
5546,4
5547,4
5548,4
5549,8
5550,1
5551,1
5552,2
5553,4
5554,4
5555,4
5556,1
5557,1
5558,1
5559,2
5560,7
5561,4
5562,4
5563,4
5564,1
5565,1
5566,1
5567,7
5568,4
5569,7
5570,2
5571,1
5572,1
5573,1
5574,4
5575,4
5576,4
5577,7
5578,1
5579,1
5580,2
5581,8
5582,4
5583,4
5584,1
5585,1
5586,1
5587,2
5588,7
5589,4
5590,4
5591,4
5592,1
5593,1
5594,1
5595,8
5596,4
5597,4
5598,2
5599,1
5600,1
5601,1
5602,4
5603,4
5604,4
5605,7
5606,2
5607,1
5608,2
5609,8
5610,4
5611,4
5612,1
5613,1
5614,1
5615,2
5616,7
5617,4
5618,4
5619,4
5620,1
5621,1
5622,1
5623,8
5624,4
5625,4
5626,7
5627,1
5628,1
5629,1
5630,4
5631,4
5632,4
5633,7
5634,2
5635,1
5636,1
5637,1
5638,4
5639,4
5640,4
5641,2
5642,1
5643,2
5644,7
5645,4
5646,4
5647,1
5648,1
5649,1
5650,2
5651,2
5652,4
5653,4
5654,7
5655,8
5656,1
5657,1
5658,4
5659,4
5660,4
5661,7
5662,2
5663,1
5664,1
5665,1
5666,4
5667,4
5668,4
5669,8
5670,1
5671,1
5672,7
5673,4
5674,4
5675,4
5676,1
5677,1
5678,1
5679,2
5680,7
5681,4
5682,7
5683,8
5684,1
5685,1
5686,4
5687,4
5688,4
5689,7
5690,2
5691,1
5692,1
5693,1
5694,4
5695,4
5696,4
5697,8
5698,1
5699,1
5700,2
5701,4
5702,4
5703,4
5704,1
5705,1
5706,1
5707,2
5708,7
5709,4
5710,4
5711,4
5712,1
5713,1
5714,1
5715,7
5716,4
5717,7
5718,2
5719,1
5720,1
5721,1
5722,4
5723,4
5724,4
5725,7
5726,1
5727,1
5728,2
5729,8
5730,4
5731,4
5732,1
5733,1
5734,1
5735,2
5736,7
5737,4
5738,4
5739,4
5740,1
5741,1
5742,1
5743,8
5744,4
5745,4
5746,2
5747,1
5748,1
5749,1
5750,4
5751,4
5752,4
5753,7
5754,2
5755,1
5756,2
5757,8
5758,4
5759,4
5760,1
5761,1
5762,1
5763,2
5764,7
5765,4
5766,4
5767,4
5768,1
5769,1
5770,1
5771,8
5772,4
5773,4
5774,7
5775,1
5776,1
5777,1
5778,4
5779,4
5780,4
5781,7
5782,2
5783,1
5784,1
5785,1
5786,4
5787,4
5788,4
5789,2
5790,1
5791,2
5792,7
5793,4
5794,4
5795,1
5796,1
5797,1
5798,2
5799,2
5800,4
5801,4
5802,7
5803,8
5804,1
5805,1
5806,4
5807,4
5808,4
5809,7
5810,2
5811,1
5812,1
5813,1
5814,4
5815,4
5816,4
5817,8
5818,1
5819,1
5820,7
5821,4
5822,4
5823,4
5824,1
5825,1
5826,1
5827,2
5828,7
5829,4
5830,7
5831,8
5832,1
5833,1
5834,4
5835,4
5836,4
5837,7
5838,2
5839,1
5840,1
5841,1
5842,4
5843,4
5844,4
5845,8
5846,1
5847,1
5848,2
5849,4
5850,4
5851,4
5852,1
5853,1
5854,1
5855,2
5856,7
5857,4
5858,4
5859,4
5860,1
5861,1
5862,1
5863,7
5864,4
5865,7
5866,2
5867,1
5868,1
5869,1
5870,4
5871,4
5872,4
5873,7
5874,1
5875,1
5876,2
5877,8
5878,4
5879,4
5880,1
5881,1
5882,1
5883,2
5884,7
5885,4
5886,4
5887,4
5888,1
5889,1
5890,1
5891,8
5892,4
5893,4
5894,2
5895,1
5896,1
5897,1
5898,4
5899,4
5900,4
5901,7
5902,2
5903,1
5904,2
5905,8
5906,4
5907,4
5908,1
5909,1
5910,1
5911,2
5912,7
5913,4
5914,4
5915,4
5916,1
5917,1
5918,1
5919,8
5920,4
5921,4
5922,7
5923,1
5924,1
5925,1
5926,4
5927,4
5928,4
5929,7
5930,2
5931,1
5932,1
5933,1
5934,4
5935,4
5936,4
5937,2
5938,1
5939,2
5940,7
5941,4
5942,4
5943,1
5944,1
5945,1
5946,2
5947,2
5948,4
5949,4
5950,7
5951,8
5952,1
5953,1
5954,4
5955,4
5956,4
5957,7
5958,2
5959,1
5960,1
5961,1
5962,4
5963,4
5964,4
5965,8
5966,1
5967,1
5968,7
5969,4
5970,4
5971,4
5972,1
5973,1
5974,1
5975,2
5976,7
5977,4
5978,7
5979,8
5980,1
5981,1
5982,4
5983,4
5984,4
5985,7
5986,2
5987,1
5988,1
5989,1
5990,4
5991,4
5992,4
5993,8
5994,1
5995,1
5996,2
5997,4
5998,4
5999,4
6000,1
6001,1
6002,1
6003,2
6004,7
6005,4
6006,4
6007,4
6008,1
6009,1
6010,1
6011,7
6012,4
6013,7
6014,2
6015,1
6016,1
6017,1
6018,4
6019,4
6020,4
6021,7
6022,1
6023,1
6024,2
6025,8
6026,4
6027,4
6028,1
6029,1
6030,1
6031,2
6032,7
6033,4
6034,4
6035,4
6036,1
6037,1
6038,1
6039,8
6040,4
6041,4
6042,2
6043,1
6044,1
6045,1
6046,4
6047,4
6048,4
6049,7
6050,2
6051,1
6052,2
6053,8
6054,4
6055,4
6056,1
6057,1
6058,1
6059,2
6060,7
6061,4
6062,4
6063,4
6064,1
6065,1
6066,1
6067,8
6068,4
6069,4
6070,7
6071,1
6072,1
6073,1
6074,4
6075,4
6076,4
6077,7
6078,2
6079,1
6080,1
6081,1
6082,4
6083,4
6084,4
6085,2
6086,1
6087,2
6088,7
6089,4
6090,4
6091,1
6092,1
6093,1
6094,2
6095,2
6096,4
6097,4
6098,7
6099,8
6100,1
6101,1
6102,4
6103,4
6104,4
6105,7
6106,2
6107,1
6108,1
6109,1
6110,4
6111,4
6112,4
6113,8
6114,1
6115,1
6116,7
6117,4
6118,4
6119,4
6120,1
6121,1
6122,1
6123,2
6124,7
6125,4
6126,7
6127,8
6128,1
6129,1
6130,4
6131,4
6132,4
6133,7
6134,2
6135,1
6136,1
6137,1
6138,4
6139,4
6140,4
6141,8
6142,1
6143,1
6144,2
6145,4
6146,4
6147,4
6148,1
6149,1
6150,1
6151,2
6152,7
6153,4
6154,4
6155,4
6156,1
6157,1
6158,1
6159,7
6160,4
6161,7
6162,2
6163,1
6164,1
6165,1
6166,4
6167,4
6168,4
6169,7
6170,1
6171,1
6172,2
6173,8
6174,4
6175,4
6176,1
6177,1
6178,1
6179,2
6180,7
6181,4
6182,4
6183,4
6184,1
6185,1
6186,1
6187,8
6188,4
6189,4
6190,2
6191,1
6192,1
6193,1
6194,4
6195,4
6196,4
6197,7
6198,2
6199,1
6200,2
6201,8
6202,4
6203,4
6204,1
6205,1
6206,1
6207,2
6208,7
6209,4
6210,4
6211,4
6212,1
6213,1
6214,1
6215,8
6216,4
6217,4
6218,7
6219,1
6220,1
6221,1
6222,4
6223,4
6224,4
6225,7
6226,2
6227,1
6228,1
6229,1
6230,4
6231,4
6232,4
6233,2
6234,1
6235,2
6236,7
6237,4
6238,4
6239,1
6240,1
6241,1
6242,2
6243,2
6244,4
6245,4
6246,7
6247,8
6248,1
6249,1
6250,4
6251,4
6252,4
6253,7
6254,2
6255,1
6256,1
6257,1
6258,4
6259,4
6260,4
6261,8
6262,1
6263,1
6264,7
6265,4
6266,4
6267,4
6268,1
6269,1
6270,1
6271,2
6272,7
6273,4
6274,7
6275,8
6276,1
6277,1
6278,4
6279,4
6280,4
6281,7
6282,2
6283,1
6284,1
6285,1
6286,4
6287,4
6288,4
6289,8
6290,1
6291,1
6292,2
6293,4
6294,4
6295,4
6296,1
6297,1
6298,1
6299,2
6300,7
6301,4
6302,4
6303,4
6304,1
6305,1
6306,1
6307,7
6308,4
6309,7
6310,2
6311,1
6312,1
6313,1
6314,4
6315,4
6316,4
6317,7
6318,1
6319,1
6320,2
6321,8
6322,4
6323,4
6324,1
6325,1
6326,1
6327,2
6328,7
6329,4
6330,4
6331,4
6332,1
6333,1
6334,1
6335,8
6336,4
6337,4
6338,2
6339,1
6340,1
6341,1
6342,4
6343,4
6344,4
6345,7
6346,2
6347,1
6348,2
6349,8
6350,4
6351,4
6352,1
6353,1
6354,1
6355,2
6356,7
6357,4
6358,4
6359,4
6360,1
6361,1
6362,1
6363,8
6364,4
6365,4
6366,7
6367,1
6368,1
6369,1
6370,4
6371,4
6372,4
6373,7
6374,2
6375,1
6376,1
6377,1
6378,4
6379,4
6380,4
6381,2
6382,1
6383,2
6384,7
6385,4
6386,4
6387,1
6388,1
6389,1
6390,2
6391,2
6392,4
6393,4
6394,7
6395,8
6396,1
6397,1
6398,4
6399,4
6400,4
6401,7
6402,2
6403,1
6404,1
6405,1
6406,4
6407,4
6408,4
6409,8
6410,1
6411,1
6412,7
6413,4
6414,4
6415,4
6416,1
6417,1
6418,1
6419,2
6420,7
6421,4
6422,7
6423,8
6424,1
6425,1
6426,4
6427,4
6428,4
6429,7
6430,2
6431,1
6432,1
6433,1
6434,4
6435,4
6436,4
6437,8
6438,1
6439,1
6440,2
6441,4
6442,4
6443,4
6444,1
6445,1
6446,1
6447,2
6448,7
6449,4
6450,4
6451,4
6452,1
6453,1
6454,1
6455,7
6456,4
6457,7
6458,2
6459,1
6460,1
6461,1
6462,4
6463,4
6464,4
6465,7
6466,1
6467,1
6468,2
6469,8
6470,4
6471,4
6472,1
6473,1
6474,1
6475,2
6476,7
6477,4
6478,4
6479,4
6480,1
6481,1
6482,1
6483,8
6484,4
6485,4
6486,2
6487,1
6488,1
6489,1
6490,4
6491,4
6492,4
6493,7
6494,2
6495,1
6496,2
6497,8
6498,4
6499,4
6500,1
6501,1
6502,1
6503,2
6504,7
6505,4
6506,4
6507,4
6508,1
6509,1
6510,1
6511,8
6512,4
6513,4
6514,7
6515,1
6516,1
6517,1
6518,4
6519,4
6520,4
6521,7
6522,2
6523,1
6524,1
6525,1
6526,4
6527,4
6528,4
6529,2
6530,1
6531,2
6532,7
6533,4
6534,4
6535,1
6536,1
6537,1
6538,2
6539,2
6540,4
6541,4
6542,7
6543,8
6544,1
6545,1
6546,4
6547,4
6548,4
6549,7
6550,2
6551,1
6552,1
6553,1
6554,4
6555,4
6556,4
6557,8
6558,1
6559,1
6560,7
6561,4
6562,4
6563,4
6564,1
6565,1
6566,1
6567,2
6568,7
6569,4
6570,7
6571,8
6572,1
6573,1
6574,4
6575,4
6576,4
6577,7
6578,2
6579,1
6580,1
6581,1
6582,4
6583,4
6584,4
6585,8
6586,1
6587,1
6588,2
6589,4
6590,4
6591,4
6592,1
6593,1
6594,1
6595,2
6596,7
6597,4
6598,4
6599,4
6600,1
6601,1
6602,1
6603,7
6604,4
6605,7
6606,2
6607,1
6608,1
6609,1
6610,4
6611,4
6612,4
6613,7
6614,1
6615,1
6616,2
6617,8
6618,4
6619,4
6620,1
6621,1
6622,1
6623,2
6624,7
6625,4
6626,4
6627,4
6628,1
6629,1
6630,1
6631,8
6632,4
6633,4
6634,2
6635,1
6636,1
6637,1
6638,4
6639,4
6640,4
6641,7
6642,2
6643,1
6644,2
6645,8
6646,4
6647,4
6648,1
6649,1
6650,1
6651,2
6652,7
6653,4
6654,4
6655,4
6656,1
6657,1
6658,1
6659,8
6660,4
6661,4
6662,7
6663,1
6664,1
6665,1
6666,4
6667,4
6668,4
6669,7
6670,2
6671,1
6672,1
6673,1
6674,4
6675,4
6676,4
6677,2
6678,1
6679,2
6680,7
6681,4
6682,4
6683,1
6684,1
6685,1
6686,2
6687,2
6688,4
6689,4
6690,7
6691,8
6692,1
6693,1
6694,4
6695,4
6696,4
6697,7
6698,2
6699,1
6700,1
6701,1
6702,4
6703,4
6704,4
6705,8
6706,1
6707,1
6708,7
6709,4
6710,4
6711,4
6712,1
6713,1
6714,1
6715,2
6716,7
6717,4
6718,7
6719,8
6720,1
6721,1
6722,4
6723,4
6724,4
6725,7
6726,2
6727,1
6728,1
6729,1
6730,4
6731,4
6732,4
6733,8
6734,1
6735,1
6736,2
6737,4
6738,4
6739,4
6740,1
6741,1
6742,1
6743,2
6744,7
6745,4
6746,4
6747,4
6748,1
6749,1
6750,1
6751,7
6752,4
6753,7
6754,2
6755,1
6756,1
6757,1
6758,4
6759,4
6760,4
6761,7
6762,1
6763,1
6764,2
6765,8
6766,4
6767,4
6768,1
6769,1
6770,1
6771,2
6772,7
6773,4
6774,4
6775,4
6776,1
6777,1
6778,1
6779,8
6780,4
6781,4
6782,2
6783,1
6784,1
6785,1
6786,4
6787,4
6788,4
6789,7
6790,2
6791,1
6792,2
6793,8
6794,4
6795,4
6796,1
6797,1
6798,1
6799,2
6800,7
6801,4
6802,4
6803,4
6804,1
6805,1
6806,1
6807,8
6808,4
6809,4
6810,7
6811,1
6812,1
6813,1
6814,4
6815,4
6816,4
6817,7
6818,2
6819,1
6820,1
6821,1
6822,4
6823,4
6824,4
6825,2
6826,1
6827,2
6828,7
6829,4
6830,4
6831,1
6832,1
6833,1
6834,2
6835,2
6836,4
6837,4
6838,7
6839,8
6840,1
6841,1
6842,4
6843,4
6844,4
6845,7
6846,2
6847,1
6848,1
6849,1
6850,4
6851,4
6852,4
6853,8
6854,1
6855,1
6856,7
6857,4
6858,4
6859,4
6860,1
6861,1
6862,1
6863,2
6864,7
6865,4
6866,7
6867,8
6868,1
6869,1
6870,4
6871,4
6872,4
6873,7
6874,2
6875,1
6876,1
6877,1
6878,4
6879,4
6880,4
6881,8
6882,1
6883,1
6884,2
6885,4
6886,4
6887,4
6888,1
6889,1
6890,1
6891,2
6892,7
6893,4
6894,4
6895,4
6896,1
6897,1
6898,1
6899,7
6900,4
6901,7
6902,2
6903,1
6904,1
6905,1
6906,4
6907,4
6908,4
6909,7
6910,1
6911,1
6912,2
6913,8
6914,4
6915,4
6916,1
6917,1
6918,1
6919,2
6920,7
6921,4
6922,4
6923,4
6924,1
6925,1
6926,1
6927,8
6928,4
6929,4
6930,2
6931,1
6932,1
6933,1
6934,4
6935,4
6936,4
6937,7
6938,2
6939,1
6940,2
6941,8
6942,4
6943,4
6944,1
6945,1
6946,1
6947,2
6948,7
6949,4
6950,4
6951,4
6952,1
6953,1
6954,1
6955,8
6956,4
6957,4
6958,7
6959,1
6960,1
6961,1
6962,4
6963,4
6964,4
6965,7
6966,2
6967,1
6968,1
6969,1
6970,4
6971,4
6972,4
6973,2
6974,1
6975,2
6976,7
6977,4
6978,4
6979,1
6980,1
6981,1
6982,2
6983,2
6984,4
6985,4
6986,7
6987,8
6988,1
6989,1
6990,4
6991,4
6992,4
6993,7
6994,2
6995,1
6996,1
6997,1
6998,4
6999,4
7000,4
7001,8
7002,1
7003,1
7004,7
7005,4
7006,4
7007,4
7008,1
7009,1
7010,1
7011,2
7012,7
7013,4
7014,7
7015,8
7016,1
7017,1
7018,4
7019,4
7020,4
7021,7
7022,2
7023,1
7024,1
7025,1
7026,4
7027,4
7028,4
7029,8
7030,1
7031,1
7032,2
7033,4
7034,4
7035,4
7036,1
7037,1
7038,1
7039,2
7040,7
7041,4
7042,4
7043,4
7044,1
7045,1
7046,1
7047,7
7048,4
7049,7
7050,2
7051,1
7052,1
7053,1
7054,4
7055,4
7056,4
7057,7
7058,1
7059,1
7060,2
7061,8
7062,4
7063,4
7064,1
7065,1
7066,1
7067,2
7068,7
7069,4
7070,4
7071,4
7072,1
7073,1
7074,1
7075,8
7076,4
7077,4
7078,2
7079,1
7080,1
7081,1
7082,4
7083,4
7084,4
7085,7
7086,2
7087,1
7088,2
7089,8
7090,4
7091,4
7092,1
7093,1
7094,1
7095,2
7096,7
7097,4
7098,4
7099,4
7100,1
7101,1
7102,1
7103,8
7104,4
7105,4
7106,7
7107,1
7108,1
7109,1
7110,4
7111,4
7112,4
7113,7
7114,2
7115,1
7116,1
7117,1
7118,4
7119,4
7120,4
7121,2
7122,1
7123,2
7124,7
7125,4
7126,4
7127,1
7128,1
7129,1
7130,2
7131,2
7132,4
7133,4
7134,7
7135,8
7136,1
7137,1
7138,4
7139,4
7140,4
7141,7
7142,2
7143,1
7144,1
7145,1
7146,4
7147,4
7148,4
7149,8
7150,1
7151,1
7152,7
7153,4
7154,4
7155,4
7156,1
7157,1
7158,1
7159,2
7160,7
7161,4
7162,7
7163,8
7164,1
7165,1
7166,4
7167,4
7168,4
7169,7
7170,2
7171,1
7172,1
7173,1
7174,4
7175,4
7176,4
7177,8
7178,1
7179,1
7180,2
7181,4
7182,4
7183,4
7184,1
7185,1
7186,1
7187,2
7188,7
7189,4
7190,4
7191,4
7192,1
7193,1
7194,1
7195,7
7196,4
7197,7
7198,2
7199,1
7200,1
7201,1
7202,4
7203,4
7204,4
7205,7
7206,1
7207,1
7208,2
7209,8
7210,4
7211,4
7212,1
7213,1
7214,1
7215,2
7216,7
7217,4
7218,4
7219,4
7220,1
7221,1
7222,1
7223,8
7224,4
7225,4
7226,2
7227,1
7228,1
7229,1
7230,4
7231,4
7232,4
7233,7
7234,2
7235,1
7236,2
7237,8
7238,4
7239,4
7240,1
7241,1
7242,1
7243,2
7244,7
7245,4
7246,4
7247,4
7248,1
7249,1
7250,1
7251,8
7252,4
7253,4
7254,7
7255,1
7256,1
7257,1
7258,4
7259,4
7260,4
7261,7
7262,2
7263,1
7264,1
7265,1
7266,4
7267,4
7268,4
7269,2
7270,1
7271,2
7272,7
7273,4
7274,4
7275,1
7276,1
7277,1
7278,2
7279,2
7280,4
7281,4
7282,7
7283,8
7284,1
7285,1
7286,4
7287,4
7288,4
7289,7
7290,2
7291,1
7292,1
7293,1
7294,4
7295,4
7296,4
7297,8
7298,1
7299,1
7300,7
7301,4
7302,4
7303,4
7304,1
7305,1
7306,1
7307,2
7308,7
7309,4
7310,7
7311,8
7312,1
7313,1
7314,4
7315,4
7316,4
7317,7
7318,2
7319,1
7320,1
7321,1
7322,4
7323,4
7324,4
7325,8
7326,1
7327,1
7328,2
7329,4
7330,4
7331,4
7332,1
7333,1
7334,1
7335,2
7336,7
7337,4
7338,4
7339,4
7340,1
7341,1
7342,1
7343,7
7344,4
7345,7
7346,2
7347,1
7348,1
7349,1
7350,4
7351,4
7352,4
7353,7
7354,1
7355,1
7356,2
7357,8
7358,4
7359,4
7360,1
7361,1
7362,1
7363,2
7364,7
7365,4
7366,4
7367,4
7368,1
7369,1
7370,1
7371,8
7372,4
7373,4
7374,2
7375,1
7376,1
7377,1
7378,4
7379,4
7380,4
7381,7
7382,2
7383,1
7384,2
7385,8
7386,4
7387,4
7388,1
7389,1
7390,1
7391,2
7392,7
7393,4
7394,4
7395,4
7396,1
7397,1
7398,1
7399,8
7400,4
7401,4
7402,7
7403,1
7404,1
7405,1
7406,4
7407,4
7408,4
7409,7
7410,2
7411,1
7412,1
7413,1
7414,4
7415,4
7416,4
7417,2
7418,1
7419,2
7420,7
7421,4
7422,4
7423,1
7424,1
7425,1
7426,2
7427,2
7428,4
7429,4
7430,7
7431,8
7432,1
7433,1
7434,4
7435,4
7436,4
7437,7
7438,2
7439,1
7440,1
7441,1
7442,4
7443,4
7444,4
7445,8
7446,1
7447,1
7448,7
7449,4
7450,4
7451,4
7452,1
7453,1
7454,1
7455,2
7456,7
7457,4
7458,7
7459,8
7460,1
7461,1
7462,4
7463,4
7464,4
7465,7
7466,2
7467,1
7468,1
7469,1
7470,4
7471,4
7472,4
7473,8
7474,1
7475,1
7476,2
7477,4
7478,4
7479,4
7480,1
7481,1
7482,1
7483,2
7484,7
7485,4
7486,4
7487,4
7488,1
7489,1
7490,1
7491,7
7492,4
7493,7
7494,2
7495,1
7496,1
7497,1
7498,4
7499,4
7500,4
7501,7
7502,1
7503,1
7504,2
7505,8
7506,4
7507,4
7508,1
7509,1
7510,1
7511,2
7512,7
7513,4
7514,4
7515,4
7516,1
7517,1
7518,1
7519,8
7520,4
7521,4
7522,2
7523,1
7524,1
7525,1
7526,4
7527,4
7528,4
7529,7
7530,2
7531,1
7532,2
7533,8
7534,4
7535,4
7536,1
7537,1
7538,1
7539,2
7540,7
7541,4
7542,4
7543,4
7544,1
7545,1
7546,1
7547,8
7548,4
7549,4
7550,7
7551,1
7552,1
7553,1
7554,4
7555,4
7556,4
7557,7
7558,2
7559,1
7560,1
7561,1
7562,4
7563,4
7564,4
7565,2
7566,1
7567,2
7568,7
7569,4
7570,4
7571,1
7572,1
7573,1
7574,2
7575,2
7576,4
7577,4
7578,7
7579,8
7580,1
7581,1
7582,4
7583,4
7584,4
7585,7
7586,2
7587,1
7588,1
7589,1
7590,4
7591,4
7592,4
7593,8
7594,1
7595,1
7596,7
7597,4
7598,4
7599,4
7600,1
7601,1
7602,1
7603,2
7604,7
7605,4
7606,7
7607,8
7608,1
7609,1
7610,4
7611,4
7612,4
7613,7
7614,2
7615,1
7616,1
7617,1
7618,4
7619,4
7620,4
7621,8
7622,1
7623,1
7624,2
7625,4
7626,4
7627,4
7628,1
7629,1
7630,1
7631,2
7632,7
7633,4
7634,4
7635,4
7636,1
7637,1
7638,1
7639,7
7640,4
7641,7
7642,2
7643,1
7644,1
7645,1
7646,4
7647,4
7648,4
7649,7
7650,1
7651,1
7652,2
7653,8
7654,4
7655,4
7656,1
7657,1
7658,1
7659,2
7660,7
7661,4
7662,4
7663,4
7664,1
7665,1
7666,1
7667,8
7668,4
7669,4
7670,2
7671,1
7672,1
7673,1
7674,4
7675,4
7676,4
7677,7
7678,2
7679,1
7680,2
7681,8
7682,4
7683,4
7684,1
7685,1
7686,1
7687,2
7688,7
7689,4
7690,4
7691,4
7692,1
7693,1
7694,1
7695,8
7696,4
7697,4
7698,7
7699,1
7700,1
7701,1
7702,4
7703,4
7704,4
7705,7
7706,2
7707,1
7708,1
7709,1
7710,4
7711,4
7712,4
7713,2
7714,1
7715,2
7716,7
7717,4
7718,4
7719,1
7720,1
7721,1
7722,2
7723,2
7724,4
7725,4
7726,7
7727,8
7728,1
7729,1
7730,4
7731,4
7732,4
7733,7
7734,2
7735,1
7736,1
7737,1
7738,4
7739,4
7740,4
7741,8
7742,1
7743,1
7744,7
7745,4
7746,4
7747,4
7748,1
7749,1
7750,1
7751,2
7752,7
7753,4
7754,7
7755,8
7756,1
7757,1
7758,4
7759,4
7760,4
7761,7
7762,2
7763,1
7764,1
7765,1
7766,4
7767,4
7768,4
7769,8
7770,1
7771,1
7772,2
7773,4
7774,4
7775,4
7776,1
7777,1
7778,1
7779,2
7780,7
7781,4
7782,4
7783,4
7784,1
7785,1
7786,1
7787,7
7788,4
7789,7
7790,2
7791,1
7792,1
7793,1
7794,4
7795,4
7796,4
7797,7
7798,1
7799,1
7800,2
7801,8
7802,4
7803,4
7804,1
7805,1
7806,1
7807,2
7808,7
7809,4
7810,4
7811,4
7812,1
7813,1
7814,1
7815,8
7816,4
7817,4
7818,2
7819,1
7820,1
7821,1
7822,4
7823,4
7824,4
7825,7
7826,2
7827,1
7828,2
7829,8
7830,4
7831,4
7832,1
7833,1
7834,1
7835,2
7836,7
7837,4
7838,4
7839,4
7840,1
7841,1
7842,1
7843,8
7844,4
7845,4
7846,7
7847,1
7848,1
7849,1
7850,4
7851,4
7852,4
7853,7
7854,2
7855,1
7856,1
7857,1
7858,4
7859,4
7860,4
7861,2
7862,1
7863,2
7864,7
7865,4
7866,4
7867,1
7868,1
7869,1
7870,2
7871,2
7872,4
7873,4
7874,7
7875,8
7876,1
7877,1
7878,4
7879,4
7880,4
7881,7
7882,2
7883,1
7884,1
7885,1
7886,4
7887,4
7888,4
7889,8
7890,1
7891,1
7892,7
7893,4
7894,4
7895,4
7896,1
7897,1
7898,1
7899,2
7900,7
7901,4
7902,7
7903,8
7904,1
7905,1
7906,4
7907,4
7908,4
7909,7
7910,2
7911,1
7912,1
7913,1
7914,4
7915,4
7916,4
7917,8
7918,1
7919,1
7920,2
7921,4
7922,4
7923,4
7924,1
7925,1
7926,1
7927,2
7928,7
7929,4
7930,4
7931,4
7932,1
7933,1
7934,1
7935,7
7936,4
7937,7
7938,2
7939,1
7940,1
7941,1
7942,4
7943,4
7944,4
7945,7
7946,1
7947,1
7948,2
7949,8
7950,4
7951,4
7952,1
7953,1
7954,1
7955,2
7956,7
7957,4
7958,4
7959,4
7960,1
7961,1
7962,1
7963,8
7964,4
7965,4
7966,2
7967,1
7968,1
7969,1
7970,4
7971,4
7972,4
7973,7
7974,2
7975,1
7976,2
7977,8
7978,4
7979,4
7980,1
7981,1
7982,1
7983,2
7984,7
7985,4
7986,4
7987,4
7988,1
7989,1
7990,1
7991,8
7992,4
7993,4
7994,7
7995,1
7996,1
7997,1
7998,4
7999,4
8000,4
