N,u_r,u_c,v_r,v_c,stratum_u,stratum_v,Z,C_num,C_den,C_float
6,0,0,0,1,corner,edge,3364,3364,6728,0.500000000000
6,0,0,0,3,corner,edge,2088,2088,6728,0.310344827586
6,0,0,0,5,corner,corner,1624,1624,6728,0.241379310345
6,0,0,1,2,corner,bulk,1760,1760,6728,0.261593341260
6,0,0,1,4,corner,bulk,1008,1008,6728,0.149821640904
6,0,0,2,3,corner,bulk,1440,1440,6728,0.214030915577
6,0,0,2,5,corner,edge,1160,1160,6728,0.172413793103
6,0,0,3,4,corner,bulk,800,800,6728,0.118906064209
6,0,0,4,5,corner,edge,580,580,6728,0.086206896552
6,0,1,0,2,edge,edge,1276,1276,6728,0.189655172414
6,0,1,0,4,edge,edge,464,464,6728,0.068965517241
6,0,1,1,1,edge,bulk,2088,2088,6728,0.310344827586
6,0,1,1,3,edge,bulk,856,856,6728,0.127229488704
6,0,1,1,5,edge,edge,464,464,6728,0.068965517241
6,0,1,2,0,edge,edge,1276,1276,6728,0.189655172414
6,0,1,2,2,edge,bulk,720,720,6728,0.107015457788
6,0,1,2,4,edge,bulk,424,424,6728,0.063020214031
6,0,1,3,1,edge,bulk,856,856,6728,0.127229488704
6,0,1,3,3,edge,bulk,720,720,6728,0.107015457788
6,0,1,3,5,edge,edge,580,580,6728,0.086206896552
6,0,1,4,2,edge,bulk,424,424,6728,0.063020214031
6,0,1,4,4,edge,bulk,360,360,6728,0.053507728894
6,0,1,5,1,edge,edge,464,464,6728,0.068965517241
6,0,1,5,3,edge,edge,580,580,6728,0.086206896552
6,0,2,0,3,edge,edge,2900,2900,6728,0.431034482759
6,0,2,1,2,edge,bulk,2552,2552,6728,0.379310344828
6,0,2,1,4,edge,bulk,1296,1296,6728,0.192627824019
6,0,2,2,1,edge,bulk,968,968,6728,0.143876337693
6,0,2,2,3,edge,bulk,1440,1440,6728,0.214030915577
6,0,2,2,5,edge,edge,1276,1276,6728,0.189655172414
6,0,2,3,2,edge,bulk,1440,1440,6728,0.214030915577
6,0,2,3,4,edge,bulk,872,872,6728,0.129607609988
6,0,2,4,1,edge,bulk,720,720,6728,0.107015457788
6,0,2,4,3,edge,bulk,728,728,6728,0.108204518430
6,0,2,5,2,edge,edge,1044,1044,6728,0.155172413793
6,1,1,1,2,bulk,bulk,1276,1276,6728,0.189655172414
6,1,1,1,4,bulk,bulk,640,640,6728,0.095124851367
6,1,1,2,3,bulk,bulk,912,912,6728,0.135552913199
6,1,1,3,4,bulk,bulk,500,500,6728,0.074316290131
6,1,2,1,3,bulk,bulk,1740,1740,6728,0.258620689655
6,1,2,2,2,bulk,bulk,1160,1160,6728,0.172413793103
6,1,2,2,4,bulk,bulk,676,676,6728,0.100475624257
6,1,2,3,3,bulk,bulk,1000,1000,6728,0.148632580262
6,1,2,4,2,bulk,bulk,524,524,6728,0.077883472057
6,2,2,2,3,bulk,bulk,2204,2204,6728,0.327586206897
7,0,0,0,1,corner,edge,14603,14603,31529,0.463160899489
7,0,0,0,3,corner,edge,7216,7216,31529,0.228868660598
7,0,0,0,5,corner,edge,3068,3068,31529,0.097307240953
7,0,0,1,0,corner,edge,16926,16926,31529,0.536839100511
7,0,0,1,2,corner,bulk,8753,8753,31529,0.277617431571
7,0,0,1,4,corner,bulk,4868,4868,31529,0.154397538774
7,0,0,1,6,corner,edge,3068,3068,31529,0.097307240953
7,0,0,2,1,corner,bulk,8604,8604,31529,0.272891623585
7,0,0,2,3,corner,bulk,6231,6231,31529,0.197627580957
7,0,0,2,5,corner,bulk,3532,3532,31529,0.112023851058
7,0,0,3,0,corner,edge,11862,11862,31529,0.376225062641
7,0,0,3,2,corner,bulk,9002,9002,31529,0.285514922770
7,0,0,3,4,corner,bulk,6491,6491,31529,0.205873957309
7,0,0,3,6,corner,edge,5056,5056,31529,0.160360303213
7,0,0,4,1,corner,bulk,6040,6040,31529,0.191569666022
7,0,0,4,3,corner,bulk,5180,5180,31529,0.164293190396
7,0,0,4,5,corner,bulk,3675,3675,31529,0.116559358051
7,0,0,5,0,corner,corner,10186,10186,31529,0.323067652003
7,0,0,5,2,corner,edge,8510,8510,31529,0.269910241365
7,0,0,5,4,corner,edge,6870,6870,31529,0.217894636684
7,0,0,5,6,corner,corner,5963,5963,31529,0.189127469948
7,0,1,0,2,edge,edge,7387,7387,31529,0.234292238891
7,0,1,0,4,edge,edge,4148,4148,31529,0.131561419645
7,0,1,1,1,edge,bulk,9539,9539,31529,0.302546861619
7,0,1,1,3,edge,bulk,3885,3885,31529,0.123219892797
7,0,1,1,5,edge,bulk,1936,1936,31529,0.061403786990
7,0,1,2,0,edge,edge,5064,5064,31529,0.160614037870
7,0,1,2,2,edge,bulk,3171,3171,31529,0.100574074661
7,0,1,2,4,edge,bulk,2427,2427,31529,0.076976751562
7,0,1,2,6,edge,edge,1988,1988,31529,0.063053062260
7,0,1,3,1,edge,bulk,3492,3492,31529,0.110755177773
7,0,1,3,3,edge,bulk,2511,2511,31529,0.079640965460
7,0,1,3,5,edge,bulk,1379,1379,31529,0.043737511497
7,0,1,4,0,edge,edge,1676,1676,31529,0.053157410638
7,0,1,4,2,edge,bulk,1436,1436,31529,0.045545370928
7,0,1,4,4,edge,bulk,1177,1177,31529,0.037330711409
7,0,1,4,6,edge,edge,907,907,31529,0.028767166735
7,0,1,5,1,edge,edge,1676,1676,31529,0.053157410638
7,0,1,5,3,edge,edge,1640,1640,31529,0.052015604681
7,0,1,5,5,edge,edge,907,907,31529,0.028767166735
7,0,2,0,3,edge,edge,10455,10455,31529,0.331599479844
7,0,2,1,0,edge,edge,7387,7387,31529,0.234292238891
7,0,2,1,2,edge,bulk,13687,13687,31529,0.434108281265
7,0,2,1,4,edge,bulk,6953,6953,31529,0.220527133750
7,0,2,1,6,edge,edge,4148,4148,31529,0.131561419645
7,0,2,2,1,edge,bulk,5993,5993,31529,0.190078974912
7,0,2,2,3,edge,bulk,6975,6975,31529,0.221224904057
7,0,2,2,5,edge,bulk,4301,4301,31529,0.136414094960
7,0,2,3,0,edge,edge,8474,8474,31529,0.268768435409
7,0,2,3,2,edge,bulk,9759,9759,31529,0.309524564686
7,0,2,3,4,edge,bulk,7713,7713,31529,0.244631926163
7,0,2,3,6,edge,edge,6137,6137,31529,0.194646198738
7,0,2,4,1,edge,bulk,5152,5152,31529,0.163405119097
7,0,2,4,3,edge,bulk,5439,5439,31529,0.172507849916
7,0,2,4,5,edge,bulk,4211,4211,31529,0.133559580069
7,0,2,5,2,edge,edge,8546,8546,31529,0.271052047322
7,0,2,5,4,edge,edge,7603,7603,31529,0.241143074630
7,0,3,1,1,edge,bulk,4605,4605,31529,0.146056011926
7,0,3,1,3,edge,bulk,10619,10619,31529,0.336801040312
7,0,3,2,0,edge,edge,3977,3977,31529,0.126137841352
7,0,3,2,2,edge,bulk,4439,4439,31529,0.140791017793
7,0,3,3,1,edge,bulk,2753,2753,31529,0.087316438834
7,0,3,3,3,edge,bulk,4557,4557,31529,0.144533603984
7,0,3,4,0,edge,edge,1640,1640,31529,0.052015604681
7,0,3,4,2,edge,bulk,1925,1925,31529,0.061054901836
7,0,3,5,3,edge,edge,2583,2583,31529,0.081924577373
7,1,0,1,1,edge,bulk,9539,9539,31529,0.302546861619
7,1,0,1,3,edge,bulk,3885,3885,31529,0.123219892797
7,1,0,1,5,edge,bulk,1936,1936,31529,0.061403786990
7,1,0,2,0,edge,edge,5064,5064,31529,0.160614037870
7,1,0,2,2,edge,bulk,3171,3171,31529,0.100574074661
7,1,0,2,4,edge,bulk,2427,2427,31529,0.076976751562
7,1,0,2,6,edge,edge,1988,1988,31529,0.063053062260
7,1,0,3,1,edge,bulk,3492,3492,31529,0.110755177773
7,1,0,3,3,edge,bulk,2511,2511,31529,0.079640965460
7,1,0,3,5,edge,bulk,1379,1379,31529,0.043737511497
7,1,0,4,0,edge,edge,1676,1676,31529,0.053157410638
7,1,0,4,2,edge,bulk,1436,1436,31529,0.045545370928
7,1,0,4,4,edge,bulk,1177,1177,31529,0.037330711409
7,1,0,4,6,edge,edge,907,907,31529,0.028767166735
7,1,1,1,2,bulk,bulk,6300,6300,31529,0.199816042374
7,1,1,1,4,bulk,bulk,3135,3135,31529,0.099432268705
7,1,1,2,1,bulk,bulk,6151,6151,31529,0.195090234387
7,1,1,2,3,bulk,bulk,3990,3990,31529,0.126550160170
7,1,1,2,5,bulk,bulk,2211,2211,31529,0.070125915824
7,1,1,3,0,bulk,edge,6928,6928,31529,0.219734212947
7,1,1,3,2,bulk,bulk,5587,5587,31529,0.177201941070
7,1,1,3,4,bulk,bulk,4032,4032,31529,0.127882267119
7,1,1,3,6,bulk,edge,3139,3139,31529,0.099559136033
7,1,1,4,1,bulk,bulk,3688,3688,31529,0.116971676869
7,1,1,4,3,bulk,bulk,3193,3193,31529,0.101271844968
7,1,1,4,5,bulk,bulk,2270,2270,31529,0.071997208919
7,1,2,1,3,bulk,bulk,7380,7380,31529,0.234070221066
7,1,2,2,0,bulk,edge,3819,3819,31529,0.121126581877
7,1,2,2,2,bulk,bulk,4162,4162,31529,0.132005455295
7,1,2,2,4,bulk,bulk,3234,3234,31529,0.102572235085
7,1,2,2,6,bulk,edge,2783,2783,31529,0.088267943798
7,1,2,3,1,bulk,bulk,2695,2695,31529,0.085476862571
7,1,2,3,3,bulk,bulk,3312,3312,31529,0.105046147991
7,1,2,3,5,bulk,bulk,1936,1936,31529,0.061403786990
7,1,2,4,2,bulk,bulk,1563,1563,31529,0.049573408608
7,1,2,4,4,bulk,bulk,1430,1430,31529,0.045355069936
7,1,3,2,1,bulk,bulk,3630,3630,31529,0.115132100606
7,1,3,2,3,bulk,bulk,6150,6150,31529,0.195058517555
7,1,3,3,0,bulk,edge,4921,4921,31529,0.156078530876
7,1,3,3,2,bulk,bulk,5964,5964,31529,0.189159186780
7,1,3,4,3,bulk,bulk,3822,3822,31529,0.121221732373
7,2,0,2,1,edge,bulk,11215,11215,31529,0.355704272257
7,2,0,2,3,edge,bulk,5487,5487,31529,0.174030257858
7,2,0,2,5,edge,bulk,2763,2763,31529,0.087633607155
7,2,0,3,0,edge,edge,15250,15250,31529,0.483681689873
7,2,0,3,2,edge,bulk,8245,8245,31529,0.261505280853
7,2,0,3,4,edge,bulk,5269,5269,31529,0.167115988455
7,2,0,3,6,edge,edge,3975,3975,31529,0.126074407688
7,2,1,2,2,bulk,bulk,6336,6336,31529,0.200957848330
7,2,1,2,4,bulk,bulk,3696,3696,31529,0.117225411526
7,2,1,3,1,bulk,bulk,7827,7827,31529,0.248247645025
7,2,1,3,3,bulk,bulk,3838,3838,31529,0.121729201687
7,2,1,3,5,bulk,bulk,1926,1926,31529,0.061086618669
7,2,2,2,3,bulk,bulk,8323,8323,31529,0.263979193758
7,2,2,3,2,bulk,bulk,12708,12708,31529,0.403057502617
7,2,2,3,4,bulk,bulk,7301,7301,31529,0.231564591329
7,2,3,3,3,bulk,bulk,8733,8733,31529,0.276983094928
8,0,0,0,1,corner,edge,81430,81430,167089,0.487345067599
8,0,0,0,3,corner,edge,47149,47149,167089,0.282178958519
8,0,0,0,5,corner,edge,31889,31889,167089,0.190850385124
8,0,0,0,7,corner,corner,25755,25755,167089,0.154139410733
8,0,0,1,0,corner,edge,85659,85659,167089,0.512654932401
8,0,0,1,2,corner,bulk,44737,44737,167089,0.267743537875
8,0,0,1,4,corner,bulk,26268,26268,167089,0.157209630796
8,0,0,1,6,corner,bulk,15994,15994,167089,0.095721441866
8,0,0,2,1,corner,bulk,44356,44356,167089,0.265463315957
8,0,0,2,3,corner,bulk,34804,34804,167089,0.208296177486
8,0,0,2,5,corner,bulk,25047,25047,167089,0.149902147957
8,0,0,2,7,corner,edge,19621,19621,167089,0.117428436342
8,0,0,3,0,corner,edge,55607,55607,167089,0.332798688124
8,0,0,3,2,corner,bulk,39849,39849,167089,0.238489667183
8,0,0,3,4,corner,bulk,25089,25089,167089,0.150153511003
8,0,0,3,6,corner,bulk,13620,13620,167089,0.081513444931
8,0,0,4,1,corner,bulk,27378,27378,167089,0.163852797012
8,0,0,4,3,corner,bulk,22236,22236,167089,0.133078778376
8,0,0,4,5,corner,bulk,14982,14982,167089,0.089664789424
8,0,0,4,7,corner,edge,10345,10345,167089,0.061913112174
8,0,0,5,0,corner,corner,44957,44957,167089,0.269060201450
8,0,0,5,2,corner,edge,34307,34307,167089,0.205321714775
8,0,0,5,4,corner,edge,21759,21759,167089,0.130224012353
8,0,0,5,6,corner,edge,10345,10345,167089,0.061913112174
8,0,1,0,2,edge,edge,34281,34281,167089,0.205166109080
8,0,1,0,4,edge,edge,15260,15260,167089,0.091328573395
8,0,1,0,6,edge,edge,6134,6134,167089,0.036710974391
8,0,1,1,1,edge,bulk,51378,51378,167089,0.307488823322
8,0,1,1,3,edge,bulk,20871,20871,167089,0.124909479379
8,0,1,1,5,edge,bulk,10274,10274,167089,0.061488188929
8,0,1,1,7,edge,edge,6134,6134,167089,0.036710974391
8,0,1,2,0,edge,edge,30052,30052,167089,0.179856244277
8,0,1,2,2,edge,bulk,17544,17544,167089,0.104997935232
8,0,1,2,4,edge,bulk,11543,11543,167089,0.069082943820
8,0,1,2,6,edge,bulk,6566,6566,167089,0.039296422864
8,0,1,3,1,edge,bulk,20330,20330,167089,0.121671683953
8,0,1,3,3,edge,bulk,16328,16328,167089,0.097720376566
8,0,1,3,5,edge,bulk,11883,11883,167089,0.071117787526
8,0,1,3,7,edge,edge,9276,9276,167089,0.055515324169
8,0,1,4,0,edge,edge,10650,10650,167089,0.063738486675
8,0,1,4,2,edge,bulk,9614,9614,167089,0.057538198206
8,0,1,4,4,edge,bulk,8502,8502,167089,0.050883062320
8,0,1,4,6,edge,bulk,6389,6389,167089,0.038237107170
8,0,1,5,1,edge,edge,10650,10650,167089,0.063738486675
8,0,1,5,3,edge,edge,12548,12548,167089,0.075097702422
8,0,1,5,5,edge,edge,11414,11414,167089,0.068310900179
8,0,2,0,3,edge,edge,66170,66170,167089,0.396016494204
8,0,2,0,5,edge,edge,41015,41015,167089,0.245467984128
8,0,2,1,0,edge,edge,34281,34281,167089,0.205166109080
8,0,2,1,2,edge,bulk,66638,66638,167089,0.398817396717
8,0,2,1,4,edge,bulk,34935,34935,167089,0.209080190797
8,0,2,1,6,edge,bulk,19842,19842,167089,0.118751084751
8,0,2,2,1,edge,bulk,26684,26684,167089,0.159699321918
8,0,2,2,3,edge,bulk,36161,36161,167089,0.216417597807
8,0,2,2,5,edge,bulk,28350,28350,167089,0.169670056078
8,0,2,2,7,edge,edge,22763,22763,167089,0.136232786120
8,0,2,3,0,edge,edge,36205,36205,167089,0.216680930522
8,0,2,3,2,edge,bulk,41223,41223,167089,0.246712829690
8,0,2,3,4,edge,bulk,28476,28476,167089,0.170424145216
8,0,2,3,6,edge,bulk,15741,15741,167089,0.094207278756
8,0,2,4,1,edge,bulk,21050,21050,167089,0.125980764742
8,0,2,4,3,edge,bulk,21492,21492,167089,0.128626061560
8,0,2,4,5,edge,bulk,15873,15873,167089,0.094997276900
8,0,2,4,7,edge,edge,11414,11414,167089,0.068310900179
8,0,2,5,2,edge,edge,32409,32409,167089,0.193962499027
8,0,2,5,4,edge,edge,22893,22893,167089,0.137010814596
8,0,3,0,4,edge,edge,40415,40415,167089,0.241877083470
8,0,3,1,1,edge,bulk,29477,29477,167089,0.176414964480
8,0,3,1,3,edge,bulk,60504,60504,167089,0.362106422326
8,0,3,1,5,edge,bulk,27005,27005,167089,0.161620453770
8,0,3,1,7,edge,edge,15260,15260,167089,0.091328573395
8,0,3,2,0,edge,edge,28128,28128,167089,0.168341422835
8,0,3,2,2,edge,bulk,31701,31701,167089,0.189725236251
8,0,3,2,4,edge,bulk,24470,24470,167089,0.146448898491
8,0,3,2,6,edge,bulk,14765,14765,167089,0.088366080352
8,0,3,3,1,edge,bulk,19292,19292,167089,0.115459425815
8,0,3,3,3,edge,bulk,31865,31865,167089,0.190706749098
8,0,3,3,5,edge,bulk,25788,25788,167089,0.154336910269
8,0,3,3,7,edge,edge,20625,20625,167089,0.123437210110
8,0,3,4,0,edge,edge,12548,12548,167089,0.075097702422
8,0,3,4,2,edge,bulk,15620,15620,167089,0.093483113790
8,0,3,4,4,edge,bulk,16407,16407,167089,0.098193178486
8,0,3,4,6,edge,bulk,13410,13410,167089,0.080256629700
8,0,3,5,3,edge,edge,22064,22064,167089,0.132049386854
8,1,0,1,1,edge,bulk,51378,51378,167089,0.307488823322
8,1,0,1,3,edge,bulk,20871,20871,167089,0.124909479379
8,1,0,1,5,edge,bulk,10274,10274,167089,0.061488188929
8,1,0,1,7,edge,edge,6134,6134,167089,0.036710974391
8,1,0,2,0,edge,edge,30052,30052,167089,0.179856244277
8,1,0,2,2,edge,bulk,17544,17544,167089,0.104997935232
8,1,0,2,4,edge,bulk,11543,11543,167089,0.069082943820
8,1,0,2,6,edge,bulk,6566,6566,167089,0.039296422864
8,1,0,3,1,edge,bulk,20330,20330,167089,0.121671683953
8,1,0,3,3,edge,bulk,16328,16328,167089,0.097720376566
8,1,0,3,5,edge,bulk,11883,11883,167089,0.071117787526
8,1,0,3,7,edge,edge,9276,9276,167089,0.055515324169
8,1,0,4,0,edge,edge,10650,10650,167089,0.063738486675
8,1,0,4,2,edge,bulk,9614,9614,167089,0.057538198206
8,1,0,4,4,edge,bulk,8502,8502,167089,0.050883062320
8,1,0,4,6,edge,bulk,6389,6389,167089,0.038237107170
8,1,1,1,2,bulk,bulk,32357,32357,167089,0.193651287637
8,1,1,1,4,bulk,bulk,16759,16759,167089,0.100299840205
8,1,1,1,6,bulk,bulk,9968,9968,167089,0.059656829594
8,1,1,2,1,bulk,bulk,31976,31976,167089,0.191371065719
8,1,1,2,3,bulk,bulk,22097,22097,167089,0.132246886390
8,1,1,2,5,bulk,bulk,15543,15543,167089,0.093022281539
8,1,1,2,7,bulk,edge,12146,12146,167089,0.072691798981
8,1,1,3,0,bulk,edge,33706,33706,167089,0.201724829283
8,1,1,3,2,bulk,bulk,25018,25018,167089,0.149728587759
8,1,1,3,4,bulk,bulk,15627,15627,167089,0.093525007631
8,1,1,3,6,bulk,bulk,8445,8445,167089,0.050541926758
8,1,1,4,1,bulk,bulk,17104,17104,167089,0.102364608083
8,1,1,4,3,bulk,bulk,13800,13800,167089,0.082590715128
8,1,1,4,5,bulk,bulk,9255,9255,167089,0.055389642646
8,1,2,1,3,bulk,bulk,41483,41483,167089,0.248268886641
8,1,2,1,5,bulk,bulk,18149,18149,167089,0.108618760062
8,1,2,2,0,bulk,edge,22836,22836,167089,0.136669679033
8,1,2,2,2,bulk,bulk,26611,26611,167089,0.159262429005
8,1,2,2,4,bulk,bulk,17333,17333,167089,0.103735135167
8,1,2,2,6,bulk,bulk,10121,10121,167089,0.060572509262
8,1,2,3,1,bulk,bulk,16006,16006,167089,0.095793259879
8,1,2,3,3,bulk,bulk,22415,22415,167089,0.134150063738
8,1,2,3,5,bulk,bulk,17715,17715,167089,0.106021341920
8,1,2,3,7,bulk,edge,14091,14091,167089,0.084332301947
8,1,2,4,2,bulk,bulk,11570,11570,167089,0.069244534350
8,1,2,4,4,bulk,bulk,11559,11559,167089,0.069178701171
8,1,3,1,4,bulk,bulk,35349,35349,167089,0.211557912250
8,1,3,2,1,bulk,bulk,17469,17469,167089,0.104549072650
8,1,3,2,3,bulk,bulk,29753,29753,167089,0.178066778783
8,1,3,2,5,bulk,bulk,21771,21771,167089,0.130295830366
8,1,3,2,7,bulk,edge,17601,17601,167089,0.105339070795
8,1,3,3,0,bulk,edge,22980,22980,167089,0.137531495191
8,1,3,3,2,bulk,bulk,26929,26929,167089,0.161165606354
8,1,3,3,4,bulk,bulk,21913,21913,167089,0.131145676855
8,1,3,3,6,bulk,bulk,12243,12243,167089,0.073272327921
8,1,3,4,3,bulk,bulk,15111,15111,167089,0.090436833065
8,2,0,2,1,edge,bulk,62028,62028,167089,0.371227309996
8,2,0,2,3,edge,bulk,33447,33447,167089,0.200174757165
8,2,0,2,5,edge,bulk,21744,21744,167089,0.130134239836
8,2,0,2,7,edge,edge,16479,16479,167089,0.098624086565
8,2,0,3,0,edge,edge,75009,75009,167089,0.448916445727
8,2,0,3,2,edge,bulk,38475,38475,167089,0.230266504677
8,2,0,3,4,edge,bulk,21702,21702,167089,0.129882876790
8,2,0,3,6,edge,bulk,11499,11499,167089,0.068819611105
8,2,1,2,2,bulk,bulk,30459,30459,167089,0.182292071890
8,2,1,2,4,bulk,bulk,15463,15463,167089,0.092543494784
8,2,1,2,6,bulk,bulk,8069,8069,167089,0.048291629012
8,2,1,3,1,bulk,bulk,42626,42626,167089,0.255109552394
8,2,1,3,3,bulk,bulk,23287,23287,167089,0.139368839361
8,2,1,3,5,bulk,bulk,15165,15165,167089,0.090760014124
8,2,2,2,3,bulk,bulk,50999,50999,167089,0.305220571073
8,2,2,2,5,bulk,bulk,29620,29620,167089,0.177270795803
8,2,2,3,2,bulk,bulk,59020,59020,167089,0.353224928032
8,2,2,3,4,bulk,bulk,29880,29880,167089,0.178826852755
8,2,3,2,4,bulk,bulk,34520,34520,167089,0.206596484508
8,2,3,3,3,bulk,bulk,51817,51817,167089,0.310116165636
9,0,0,0,1,corner,edge,386172,386172,817991,0.472098103769
9,0,0,0,3,corner,edge,203368,203368,817991,0.248618872335
9,0,0,0,5,corner,edge,108109,108109,817991,0.132164045815
9,0,0,0,7,corner,edge,47567,47567,817991,0.058151006551
9,0,0,1,0,corner,edge,431819,431819,817991,0.527901896231
9,0,0,1,2,corner,bulk,223964,223964,817991,0.273797633470
9,0,0,1,4,corner,bulk,126153,126153,817991,0.154222968223
9,0,0,1,6,corner,bulk,73522,73522,817991,0.089881184512
9,0,0,1,8,corner,edge,47567,47567,817991,0.058151006551
9,0,0,2,1,corner,bulk,220985,220985,817991,0.270155784110
9,0,0,2,3,corner,bulk,164971,164971,817991,0.201678258074
9,0,0,2,5,corner,bulk,104476,104476,817991,0.127722676655
9,0,0,2,7,corner,bulk,57376,57376,817991,0.070142581031
9,0,0,3,0,corner,edge,294662,294662,817991,0.360226457259
9,0,0,3,2,corner,bulk,219370,219370,817991,0.268181434759
9,0,0,3,4,corner,bulk,151510,151510,817991,0.185222086796
9,0,0,3,6,corner,bulk,106098,106098,817991,0.129705583558
9,0,0,3,8,corner,edge,82159,82159,817991,0.100439980391
9,0,0,4,1,corner,bulk,148409,148409,817991,0.181431091540
9,0,0,4,3,corner,bulk,125459,125459,817991,0.153374548131
9,0,0,4,5,corner,bulk,91268,91268,817991,0.111575799734
9,0,0,4,7,corner,bulk,61593,61593,817991,0.075297894476
9,0,0,5,0,corner,corner,248029,248029,817991,0.303217272562
9,0,0,5,2,corner,edge,201396,201396,817991,0.246208087864
9,0,0,5,4,corner,edge,152021,152021,817991,0.185846788045
9,0,0,5,6,corner,edge,116977,116977,817991,0.143005240889
9,0,0,5,8,corner,corner,99568,99568,817991,0.121722610640
9,0,1,0,2,edge,edge,182804,182804,817991,0.223479231434
9,0,1,0,4,edge,edge,95259,95259,817991,0.116454826520
9,0,1,0,6,edge,edge,60542,60542,817991,0.074013039263
9,0,1,1,1,edge,bulk,249015,249015,817991,0.304422664797
9,0,1,1,3,edge,bulk,101541,101541,817991,0.124134617618
9,0,1,1,5,edge,bulk,52023,52023,817991,0.063598499250
9,0,1,1,7,edge,bulk,29685,29685,817991,0.036290130332
9,0,1,2,0,edge,edge,137157,137157,817991,0.167675438972
9,0,1,2,2,edge,bulk,83574,83574,817991,0.102169828274
9,0,1,2,4,edge,bulk,60495,60495,817991,0.073955581418
9,0,1,2,6,edge,bulk,43776,43776,817991,0.053516481233
9,0,1,2,8,edge,edge,34592,34592,817991,0.042288973840
9,0,1,3,1,edge,bulk,93876,93876,817991,0.114764098872
9,0,1,3,3,edge,bulk,70612,70612,817991,0.086323688158
9,0,1,3,5,edge,bulk,44452,44452,817991,0.054342896193
9,0,1,3,7,edge,bulk,24005,24005,817991,0.029346288651
9,0,1,4,0,edge,edge,46633,46633,817991,0.057009184698
9,0,1,4,2,edge,bulk,40770,40770,817991,0.049841624174
9,0,1,4,4,edge,bulk,34191,34191,817991,0.041798748397
9,0,1,4,6,edge,bulk,24407,24407,817991,0.029837736601
9,0,1,4,8,edge,edge,17409,17409,817991,0.021282630249
9,0,1,5,1,edge,edge,46633,46633,817991,0.057009184698
9,0,1,5,3,edge,edge,49375,49375,817991,0.060361299819
9,0,1,5,5,edge,edge,35044,35044,817991,0.042841547156
9,0,1,5,7,edge,edge,17409,17409,817991,0.021282630249
9,0,2,0,3,edge,edge,290913,290913,817991,0.355643277249
9,0,2,0,5,edge,edge,142826,142826,817991,0.174605833072
9,0,2,1,0,edge,edge,182804,182804,817991,0.223479231434
9,0,2,1,2,edge,bulk,344274,344274,817991,0.420877491317
9,0,2,1,4,edge,bulk,175671,175671,817991,0.214759086591
9,0,2,1,6,edge,bulk,96468,96468,817991,0.117932837892
9,0,2,1,8,edge,edge,60542,60542,817991,0.074013039263
9,0,2,2,1,edge,bulk,146322,146322,817991,0.178879718726
9,0,2,2,3,edge,bulk,179642,179642,817991,0.219613663231
9,0,2,2,5,edge,bulk,123507,123507,817991,0.150988213807
9,0,2,2,7,edge,bulk,69552,69552,817991,0.085027830380
9,0,2,3,0,edge,edge,204138,204138,817991,0.249560202985
9,0,2,3,2,edge,bulk,234246,234246,817991,0.286367453921
9,0,2,3,4,edge,bulk,177670,177670,817991,0.217202878760
9,0,2,3,6,edge,bulk,127607,127607,817991,0.156000493893
9,0,2,3,8,edge,edge,99342,99342,817991,0.121446323982
9,0,2,4,1,edge,bulk,122466,122466,817991,0.149715583668
9,0,2,4,3,edge,bulk,128486,128486,817991,0.157075077843
9,0,2,4,5,edge,bulk,102548,102548,817991,0.125365682508
9,0,2,4,7,edge,bulk,72205,72205,817991,0.088271142348
9,0,2,5,2,edge,edge,198654,198654,817991,0.242855972743
9,0,2,5,4,edge,edge,166352,166352,817991,0.203366540708
9,0,2,5,6,edge,edge,134612,134612,817991,0.164564157796
9,0,3,0,4,edge,edge,243346,243346,817991,0.297492270697
9,0,3,1,1,edge,bulk,128705,128705,817991,0.157342806950
9,0,3,1,3,edge,bulk,283732,283732,817991,0.346864452054
9,0,3,1,5,edge,bulk,128104,128104,817991,0.156608080040
9,0,3,1,7,edge,bulk,67759,67759,817991,0.082835874722
9,0,3,2,0,edge,edge,115823,115823,817991,0.141594467421
9,0,3,2,2,edge,bulk,129802,129802,817991,0.158683897500
9,0,3,2,4,edge,bulk,116630,116630,817991,0.142581030843
9,0,3,2,6,edge,bulk,90515,90515,817991,0.110655251708
9,0,3,2,8,edge,edge,73392,73392,817991,0.089722258558
9,0,3,3,1,edge,bulk,79856,79856,817991,0.097624545991
9,0,3,3,3,edge,bulk,132148,132148,817991,0.161551899715
9,0,3,3,5,edge,bulk,92363,92363,817991,0.112914445269
9,0,3,3,7,edge,bulk,50820,50820,817991,0.062127822922
9,0,3,4,0,edge,edge,49375,49375,817991,0.060361299819
9,0,3,4,2,edge,bulk,59426,59426,817991,0.072648721074
9,0,3,4,4,edge,bulk,60129,60129,817991,0.073508143733
9,0,3,4,6,edge,bulk,47052,47052,817991,0.057521415272
9,0,3,4,8,edge,edge,35044,35044,817991,0.042841547156
9,0,3,5,3,edge,edge,81677,81677,817991,0.099850731854
9,0,3,5,5,edge,edge,66784,66784,817991,0.081643930068
9,0,4,1,0,edge,edge,95259,95259,817991,0.116454826520
9,0,4,1,2,edge,bulk,162083,162083,817991,0.198147656881
9,0,4,1,4,edge,bulk,331299,331299,817991,0.405015458605
9,0,4,2,1,edge,bulk,97061,97061,817991,0.118657784743
9,0,4,2,3,edge,bulk,158638,158638,817991,0.193936119102
9,0,4,3,0,edge,edge,137690,137690,817991,0.168327035383
9,0,4,3,2,edge,bulk,172830,172830,817991,0.211285943244
9,0,4,3,4,edge,bulk,217455,217455,817991,0.265840333207
9,0,4,4,1,edge,bulk,93357,93357,817991,0.114129617563
9,0,4,4,3,edge,bulk,119703,119703,817991,0.146337795893
9,0,4,5,4,edge,edge,181245,181245,817991,0.221573342494
9,1,0,1,1,edge,bulk,249015,249015,817991,0.304422664797
9,1,0,1,3,edge,bulk,101541,101541,817991,0.124134617618
9,1,0,1,5,edge,bulk,52023,52023,817991,0.063598499250
9,1,0,1,7,edge,bulk,29685,29685,817991,0.036290130332
9,1,0,2,0,edge,edge,137157,137157,817991,0.167675438972
9,1,0,2,2,edge,bulk,83574,83574,817991,0.102169828274
9,1,0,2,4,edge,bulk,60495,60495,817991,0.073955581418
9,1,0,2,6,edge,bulk,43776,43776,817991,0.053516481233
9,1,0,2,8,edge,edge,34592,34592,817991,0.042288973840
9,1,0,3,1,edge,bulk,93876,93876,817991,0.114764098872
9,1,0,3,3,edge,bulk,70612,70612,817991,0.086323688158
9,1,0,3,5,edge,bulk,44452,44452,817991,0.054342896193
9,1,0,3,7,edge,bulk,24005,24005,817991,0.029346288651
9,1,0,4,0,edge,edge,46633,46633,817991,0.057009184698
9,1,0,4,2,edge,bulk,40770,40770,817991,0.049841624174
9,1,0,4,4,edge,bulk,34191,34191,817991,0.041798748397
9,1,0,4,6,edge,bulk,24407,24407,817991,0.029837736601
9,1,0,4,8,edge,edge,17409,17409,817991,0.021282630249
9,1,1,1,2,bulk,bulk,161470,161470,817991,0.197398259883
9,1,1,1,4,bulk,bulk,80940,80940,817991,0.098949743946
9,1,1,1,6,bulk,bulk,46134,46134,817991,0.056399153536
9,1,1,2,1,bulk,bulk,158491,158491,817991,0.193756410523
9,1,1,2,3,bulk,bulk,105317,105317,817991,0.128750805327
9,1,1,2,5,bulk,bulk,65175,65175,817991,0.079676915761
9,1,1,2,7,bulk,bulk,35664,35664,817991,0.043599501706
9,1,1,3,0,bulk,edge,174352,174352,817991,0.213146599412
9,1,1,3,2,bulk,bulk,136688,136688,817991,0.167102083030
9,1,1,3,4,bulk,bulk,94204,94204,817991,0.115165081278
9,1,1,3,6,bulk,bulk,65857,65857,817991,0.080510665765
9,1,1,3,8,bulk,edge,50981,50981,817991,0.062324646604
9,1,1,4,1,bulk,bulk,91339,91339,817991,0.111662597755
9,1,1,4,3,bulk,bulk,77529,77529,817991,0.094779771416
9,1,1,4,5,bulk,bulk,56408,56408,817991,0.068959193928
9,1,1,4,7,bulk,bulk,38122,38122,817991,0.046604424743
9,1,2,1,3,bulk,bulk,196187,196187,817991,0.239840047140
9,1,2,1,5,bulk,bulk,86829,86829,817991,0.106149089660
9,1,2,2,0,bulk,edge,103654,103654,817991,0.126717775623
9,1,2,2,2,bulk,bulk,116060,116060,817991,0.141884201660
9,1,2,2,4,bulk,bulk,84027,84027,817991,0.102723624099
9,1,2,2,6,bulk,bulk,62859,62859,817991,0.076845588766
9,1,2,2,8,bulk,edge,50576,50576,817991,0.061829531132
9,1,2,3,1,bulk,bulk,72940,72940,817991,0.089169685241
9,1,2,3,3,bulk,bulk,94672,94672,817991,0.115737214713
9,1,2,3,5,bulk,bulk,64191,64191,817991,0.078473968540
9,1,2,3,7,bulk,bulk,35075,35075,817991,0.042879444884
9,1,2,4,2,bulk,bulk,46264,46264,817991,0.056558079490
9,1,2,4,4,bulk,bulk,43558,43558,817991,0.053249974633
9,1,2,4,6,bulk,bulk,33121,33121,817991,0.040490665545
9,1,3,1,4,bulk,bulk,183212,183212,817991,0.223978014428
9,1,3,2,1,bulk,bulk,91249,91249,817991,0.111552572094
9,1,3,2,3,bulk,bulk,154860,154860,817991,0.189317486378
9,1,3,2,5,bulk,bulk,100665,100665,817991,0.123063701190
9,1,3,2,7,bulk,bulk,56687,56687,817991,0.069300273475
9,1,3,3,0,bulk,edge,122432,122432,817991,0.149674018418
9,1,3,3,2,bulk,bulk,146712,146712,817991,0.179356496587
9,1,3,3,4,bulk,bulk,137491,137491,817991,0.168083756423
9,1,3,3,6,bulk,bulk,102013,102013,817991,0.124711641082
9,1,3,3,8,bulk,edge,79988,79988,817991,0.097785916960
9,1,3,4,3,bulk,bulk,90667,90667,817991,0.110841072824
9,1,3,4,5,bulk,bulk,77401,77401,817991,0.094623290476
9,1,4,2,0,bulk,edge,76635,76635,817991,0.093686849855
9,1,4,2,2,bulk,bulk,91353,91353,817991,0.111679712857
9,1,4,2,4,bulk,bulk,120268,120268,817991,0.147028512539
9,1,4,3,1,bulk,bulk,53284,53284,817991,0.065140081003
9,1,4,3,3,bulk,bulk,92883,92883,817991,0.113550149085
9,1,4,4,4,bulk,bulk,51102,51102,817991,0.062472569992
9,2,0,2,1,edge,bulk,295648,295648,817991,0.361431849495
9,2,0,2,3,edge,bulk,150300,150300,817991,0.183742852916
9,2,0,2,5,edge,bulk,85445,85445,817991,0.104457139504
9,2,0,2,7,edge,bulk,45200,45200,817991,0.055257331682
9,2,0,3,0,edge,edge,385186,385186,817991,0.470892711534
9,2,0,3,2,edge,bulk,204494,204494,817991,0.249995415597
9,2,0,3,4,edge,bulk,125350,125350,817991,0.153241294831
9,2,0,3,6,edge,bulk,84589,84589,817991,0.103410673223
9,2,0,3,8,edge,edge,64976,64976,817991,0.079433636800
9,2,1,2,2,bulk,bulk,158728,158728,817991,0.194046144762
9,2,1,2,4,bulk,bulk,88325,88325,817991,0.107977960638
9,2,1,2,6,bulk,bulk,58879,58879,817991,0.071980009560
9,2,1,3,1,bulk,bulk,205124,205124,817991,0.250765595220
9,2,1,3,3,bulk,bulk,104920,104920,817991,0.128265469913
9,2,1,3,5,bulk,bulk,59563,59563,817991,0.072816204579
9,2,1,3,7,bulk,bulk,31465,31465,817991,0.038466193393
9,2,2,2,3,bulk,bulk,228489,228489,817991,0.279329479175
9,2,2,2,5,bulk,bulk,115215,115215,817991,0.140851182959
9,2,2,3,2,bulk,bulk,314714,314714,817991,0.384740174403
9,2,2,3,4,bulk,bulk,173353,173353,817991,0.211925314582
9,2,2,3,6,bulk,bulk,111781,111781,817991,0.136653092760
9,2,3,2,4,bulk,bulk,198105,198105,817991,0.242184816214
9,2,3,3,3,bulk,bulk,236537,236537,817991,0.289168218232
9,2,3,3,5,bulk,bulk,117945,117945,817991,0.144188627992
9,2,4,3,4,bulk,bulk,301513,301513,817991,0.368601855033
10,0,0,0,1,corner,edge,2030727,2030727,4213133,0.481999262781
10,0,0,0,3,corner,edge,1139216,1139216,4213133,0.270396400968
10,0,0,0,5,corner,edge,716999,716999,4213133,0.170181905010
10,0,0,0,7,corner,edge,506025,506025,4213133,0.120106581017
10,0,0,0,9,corner,corner,415908,415908,4213133,0.098717035517
10,0,0,1,0,corner,edge,2182406,2182406,4213133,0.518000737219
10,0,0,1,2,corner,bulk,1137219,1137219,4213133,0.269922406912
10,0,0,1,4,corner,bulk,659833,659833,4213133,0.156613380114
10,0,0,1,6,corner,bulk,410714,410714,4213133,0.097484223736
10,0,0,1,8,corner,bulk,258111,258111,4213133,0.061263435073
10,0,0,2,1,corner,bulk,1125360,1125360,4213133,0.267107637001
10,0,0,2,3,corner,bulk,867778,867778,4213133,0.205969761695
10,0,0,2,5,corner,bulk,598284,598284,4213133,0.142004536766
10,0,0,2,7,corner,bulk,419236,419236,4213133,0.099506946493
10,0,0,2,9,corner,edge,325791,325791,4213133,0.077327490018
10,0,0,3,0,corner,edge,1442574,1442574,4213133,0.342399349843
10,0,0,3,2,corner,bulk,1048601,1048601,4213133,0.248888653646
10,0,0,3,4,corner,bulk,684675,684675,4213133,0.162509704773
10,0,0,3,6,corner,bulk,419398,419398,4213133,0.099545397689
10,0,0,3,8,corner,bulk,226674,226674,4213133,0.053801766999
10,0,0,4,1,corner,bulk,716173,716173,4213133,0.169985851384
10,0,0,4,3,corner,bulk,590028,590028,4213133,0.140044949922
10,0,0,4,5,corner,bulk,406375,406375,4213133,0.096454348818
10,0,0,4,7,corner,bulk,260516,260516,4213133,0.061834269177
10,0,0,4,9,corner,edge,176297,176297,4213133,0.041844632011
10,0,0,5,0,corner,corner,1183895,1183895,4213133,0.281001098233
10,0,0,5,2,corner,edge,925216,925216,4213133,0.219602846623
10,0,0,5,4,corner,edge,630332,630332,4213133,0.149611227559
10,0,0,5,6,corner,edge,379397,379397,4213133,0.090051038028
10,0,0,5,8,corner,edge,176297,176297,4213133,0.041844632011
10,0,1,0,2,edge,edge,891511,891511,4213133,0.211602861813
10,0,1,0,4,edge,edge,422217,422217,4213133,0.100214495958
10,0,1,0,6,edge,edge,210974,210974,4213133,0.050075323993
10,0,1,0,8,edge,edge,90117,90117,4213133,0.021389545500
10,0,1,1,1,edge,bulk,1290895,1290895,4213133,0.306397875405
10,0,1,1,3,edge,bulk,524758,524758,4213133,0.124552915847
10,0,1,1,5,edge,bulk,260153,260153,4213133,0.061748110017
10,0,1,1,7,edge,bulk,142995,142995,4213133,0.033940300484
10,0,1,1,9,edge,edge,90117,90117,4213133,0.021389545500
10,0,1,2,0,edge,edge,739832,739832,4213133,0.175601387376
10,0,1,2,2,edge,bulk,438250,438250,4213133,0.104019977532
10,0,1,2,4,edge,bulk,298494,298494,4213133,0.070848463602
10,0,1,2,6,edge,bulk,189404,189404,4213133,0.044955618539
10,0,1,2,8,edge,bulk,104813,104813,4213133,0.024877686036
10,0,1,3,1,edge,bulk,502453,502453,4213133,0.119258755895
10,0,1,3,3,edge,bulk,394910,394910,4213133,0.093733096012
10,0,1,3,5,edge,bulk,274743,274743,4213133,0.065211091129
10,0,1,3,7,edge,bulk,193028,193028,4213133,0.045815786020
10,0,1,3,9,edge,edge,149494,149494,4213133,0.035482858006
10,0,1,4,0,edge,edge,258679,258679,4213133,0.061398251610
10,0,1,4,2,edge,bulk,231247,231247,4213133,0.054887182531
10,0,1,4,4,edge,bulk,201941,201941,4213133,0.047931313823
10,0,1,4,6,edge,bulk,156135,156135,4213133,0.037059119662
10,0,1,4,8,edge,bulk,108999,108999,4213133,0.025871245935
10,0,1,5,1,edge,edge,258679,258679,4213133,0.061398251610
10,0,1,5,3,edge,edge,294884,294884,4213133,0.069991619064
10,0,1,5,5,edge,edge,250935,250935,4213133,0.059560189531
10,0,1,5,7,edge,edge,203100,203100,4213133,0.048206406017
10,0,2,0,3,edge,edge,1608510,1608510,4213133,0.381784766823
10,0,2,0,5,edge,edge,928242,928242,4213133,0.220321076975
10,0,2,0,7,edge,edge,626882,626882,4213133,0.148792359510
10,0,2,1,0,edge,edge,891511,891511,4213133,0.211602861813
10,0,2,1,2,edge,bulk,1713112,1713112,4213133,0.406612371364
10,0,2,1,4,edge,bulk,891552,891552,4213133,0.211612593289
10,0,2,1,6,edge,bulk,518264,518264,4213133,0.123011545090
10,0,2,1,8,edge,bulk,314441,314441,4213133,0.074633532813
10,0,2,2,1,edge,bulk,701146,701146,4213133,0.166419146986
10,0,2,2,3,edge,bulk,916482,916482,4213133,0.217529805017
10,0,2,2,5,edge,bulk,686646,686646,4213133,0.162977527650
10,0,2,2,7,edge,bulk,491815,491815,4213133,0.116733794067
10,0,2,2,9,edge,edge,385168,385168,4213133,0.091420802524
10,0,2,3,0,edge,edge,961421,961421,4213133,0.228196214076
10,0,2,3,2,edge,bulk,1097964,1097964,4213133,0.260605112632
10,0,2,3,4,edge,bulk,787392,787392,4213133,0.186889898800
10,0,2,3,6,edge,bulk,493455,493455,4213133,0.117123053082
10,0,2,3,8,edge,bulk,267524,267524,4213133,0.063497639405
10,0,2,4,1,edge,bulk,565665,565665,4213133,0.134262317378
10,0,2,4,3,edge,bulk,583162,583162,4213133,0.138415283828
10,0,2,4,5,edge,bulk,440679,440679,4213133,0.104596508109
10,0,2,4,7,edge,bulk,294444,294444,4213133,0.069887183718
10,0,2,4,9,edge,edge,203100,203100,4213133,0.048206406017
10,0,2,5,2,edge,edge,889011,889011,4213133,0.211009479169
10,0,2,5,4,edge,edge,674281,674281,4213133,0.160042657092
10,0,2,5,6,edge,edge,427232,427232,4213133,0.101404821543
10,0,3,0,4,edge,edge,1102485,1102485,4213133,0.261678185806
10,0,3,0,6,edge,edge,512334,512334,4213133,0.121604041458
10,0,3,1,1,edge,bulk,715002,715002,4213133,0.169707910954
10,0,3,1,3,edge,bulk,1502138,1502138,4213133,0.356537047371
10,0,3,1,5,edge,bulk,668541,668541,4213133,0.158680250540
10,0,3,1,7,edge,bulk,345392,345392,4213133,0.081979847301
10,0,3,1,9,edge,edge,210974,210974,4213133,0.050075323993
10,0,3,2,0,edge,edge,669922,669922,4213133,0.159008035113
10,0,3,2,2,edge,bulk,753762,753762,4213133,0.178907715470
10,0,3,2,4,edge,bulk,612018,612018,4213133,0.145264343661
10,0,3,2,6,edge,bulk,412275,412275,4213133,0.097854731859
10,0,3,2,8,edge,bulk,233428,233428,4213133,0.055404849550
10,0,3,3,1,edge,bulk,460238,460238,4213133,0.109238896565
10,0,3,3,3,edge,bulk,760566,760566,4213133,0.180522665674
10,0,3,3,5,edge,bulk,589050,589050,4213133,0.139812818632
10,0,3,3,7,edge,bulk,425455,425455,4213133,0.100983045159
10,0,3,3,9,edge,edge,331562,331562,4213133,0.078697254513
10,0,3,4,0,edge,edge,294884,294884,4213133,0.069991619064
10,0,3,4,2,edge,bulk,363662,363662,4213133,0.086316287665
10,0,3,4,4,edge,bulk,379650,379650,4213133,0.090111088352
10,0,3,4,6,edge,bulk,321376,321376,4213133,0.076279576268
10,0,3,4,8,edge,bulk,234215,234215,4213133,0.055591646407
10,0,3,5,3,edge,edge,509614,509614,4213133,0.120958441141
10,0,3,5,5,edge,edge,497984,497984,4213133,0.118198025080
10,0,4,0,5,edge,edge,1518393,1518393,4213133,0.360395221323
10,0,4,1,0,edge,edge,422217,422217,4213133,0.100214495958
10,0,4,1,2,edge,bulk,735732,735732,4213133,0.174628239840
10,0,4,1,4,edge,bulk,1592255,1592255,4213133,0.377926592870
10,0,4,1,6,edge,bulk,801435,801435,4213133,0.190223047789
10,0,4,1,8,edge,bulk,446979,446979,4213133,0.106091832373
10,0,4,2,1,edge,bulk,417090,417090,4213133,0.098997586831
10,0,4,2,3,edge,bulk,687134,687134,4213133,0.163093355942
10,0,4,2,5,edge,bulk,804915,804915,4213133,0.191049036430
10,0,4,2,7,edge,bulk,628502,628502,4213133,0.149176871464
10,0,4,2,9,edge,edge,505756,505756,4213133,0.120042733045
10,0,4,3,0,edge,edge,586383,586383,4213133,0.139179798027
10,0,4,3,2,edge,bulk,734428,734428,4213133,0.174318731452
10,0,4,3,4,edge,bulk,914796,914796,4213133,0.217129627762
10,0,4,3,6,edge,bulk,633746,633746,4213133,0.150421550898
10,0,4,3,8,edge,bulk,349913,349913,4213133,0.083052920475
10,0,4,4,1,edge,bulk,387847,387847,4213133,0.092056671365
10,0,4,4,3,edge,bulk,483562,483562,4213133,0.114774919282
10,0,4,4,5,edge,bulk,465977,465977,4213133,0.110601065763
10,0,4,4,7,edge,bulk,346563,346563,4213133,0.082257787732
10,0,4,4,9,edge,edge,250935,250935,4213133,0.059560189531
10,0,4,5,4,edge,edge,685911,685911,4213133,0.162803073152
10,1,0,1,1,edge,bulk,1290895,1290895,4213133,0.306397875405
10,1,0,1,3,edge,bulk,524758,524758,4213133,0.124552915847
10,1,0,1,5,edge,bulk,260153,260153,4213133,0.061748110017
10,1,0,1,7,edge,bulk,142995,142995,4213133,0.033940300484
10,1,0,1,9,edge,edge,90117,90117,4213133,0.021389545500
10,1,0,2,0,edge,edge,739832,739832,4213133,0.175601387376
10,1,0,2,2,edge,bulk,438250,438250,4213133,0.104019977532
10,1,0,2,4,edge,bulk,298494,298494,4213133,0.070848463602
10,1,0,2,6,edge,bulk,189404,189404,4213133,0.044955618539
10,1,0,2,8,edge,bulk,104813,104813,4213133,0.024877686036
10,1,0,3,1,edge,bulk,502453,502453,4213133,0.119258755895
10,1,0,3,3,edge,bulk,394910,394910,4213133,0.093733096012
10,1,0,3,5,edge,bulk,274743,274743,4213133,0.065211091129
10,1,0,3,7,edge,bulk,193028,193028,4213133,0.045815786020
10,1,0,3,9,edge,edge,149494,149494,4213133,0.035482858006
10,1,0,4,0,edge,edge,258679,258679,4213133,0.061398251610
10,1,0,4,2,edge,bulk,231247,231247,4213133,0.054887182531
10,1,0,4,4,edge,bulk,201941,201941,4213133,0.047931313823
10,1,0,4,6,edge,bulk,156135,156135,4213133,0.037059119662
10,1,0,4,8,edge,bulk,108999,108999,4213133,0.025871245935
10,1,1,1,2,bulk,bulk,821601,821601,4213133,0.195009509550
10,1,1,1,4,bulk,bulk,421803,421803,4213133,0.100116231792
10,1,1,1,6,bulk,bulk,256518,256518,4213133,0.060885331652
10,1,1,1,8,bulk,bulk,160292,160292,4213133,0.038045796323
10,1,1,2,1,bulk,bulk,809742,809742,4213133,0.192194739639
10,1,1,2,3,bulk,bulk,551948,551948,4213133,0.131006545485
10,1,1,2,5,bulk,bulk,371830,371830,4213133,0.088254987440
10,1,1,2,7,bulk,bulk,259689,259689,4213133,0.061637978198
10,1,1,2,9,bulk,edge,201781,201781,4213133,0.047893337334
10,1,1,3,0,bulk,edge,866681,866681,4213133,0.205709385391
10,1,1,3,2,bulk,bulk,656431,656431,4213133,0.155805905012
10,1,1,3,4,bulk,bulk,426137,426137,4213133,0.101144919944
10,1,1,3,6,bulk,bulk,260151,260151,4213133,0.061747635311
10,1,1,3,8,bulk,bulk,140434,140434,4213133,0.033332439303
10,1,1,4,1,bulk,bulk,444902,444902,4213133,0.105598850072
10,1,1,4,3,bulk,bulk,365538,365538,4213133,0.086761562001
10,1,1,4,5,bulk,bulk,251022,251022,4213133,0.059580839247
10,1,1,4,7,bulk,bulk,160944,160944,4213133,0.038200550517
10,1,2,1,3,bulk,bulk,1032844,1032844,4213133,0.245148681516
10,1,2,1,5,bulk,bulk,450524,450524,4213133,0.106933248962
10,1,2,1,7,bulk,bulk,233263,233263,4213133,0.055365686296
10,1,2,2,0,bulk,edge,561326,561326,4213133,0.133232442460
10,1,2,2,2,bulk,bulk,645576,645576,4213133,0.153229437571
10,1,2,2,4,bulk,bulk,436092,436092,4213133,0.103507769634
10,1,2,2,6,bulk,bulk,284029,284029,4213133,0.067415151622
10,1,2,2,8,bulk,bulk,159565,159565,4213133,0.037873240650
10,1,2,3,1,bulk,bulk,393979,393979,4213133,0.093512120315
10,1,2,3,3,bulk,bulk,538152,538152,4213133,0.127732022701
10,1,2,3,5,bulk,bulk,405993,405993,4213133,0.096363679950
10,1,2,3,7,bulk,bulk,291193,291193,4213133,0.069115548928
10,1,2,3,9,bulk,edge,226588,226588,4213133,0.053781354636
10,1,2,4,2,bulk,bulk,273421,273421,4213133,0.064897310386
10,1,2,4,4,bulk,bulk,269607,269607,4213133,0.063992045824
10,1,2,4,6,bulk,bulk,222867,222867,4213133,0.052898163908
10,1,3,1,4,bulk,bulk,911987,911987,4213133,0.216462903023
10,1,3,1,6,bulk,bulk,446927,446927,4213133,0.106079490014
10,1,3,2,1,bulk,bulk,450448,450448,4213133,0.106915210130
10,1,3,2,3,bulk,bulk,766164,766164,4213133,0.181851368091
10,1,3,2,5,bulk,bulk,537153,537153,4213133,0.127494906997
10,1,3,2,7,bulk,bulk,384647,384647,4213133,0.091297141581
10,1,3,2,9,bulk,edge,303164,303164,4213133,0.071956902381
10,1,3,3,0,bulk,edge,596894,596894,4213133,0.141674616016
10,1,3,3,2,bulk,bulk,705312,705312,4213133,0.167407959825
10,1,3,3,4,bulk,bulk,606972,606972,4213133,0.144066660132
10,1,3,3,6,bulk,bulk,388411,388411,4213133,0.092190538490
10,1,3,3,8,bulk,bulk,210697,210697,4213133,0.050009577196
10,1,3,4,3,bulk,bulk,410104,410104,4213133,0.097339438370
10,1,3,4,5,bulk,bulk,325014,325014,4213133,0.077143066692
10,1,4,1,5,bulk,bulk,1002104,1002104,4213133,0.237852448522
10,1,4,2,0,bulk,edge,428114,428114,4213133,0.101614166939
10,1,4,2,2,bulk,bulk,523352,523352,4213133,0.124219197448
10,1,4,2,4,bulk,bulk,706787,706787,4213133,0.167758055585
10,1,4,2,6,bulk,bulk,461327,461327,4213133,0.109497374044
10,1,4,2,8,bulk,bulk,265834,265834,4213133,0.063096512738
10,1,4,3,1,bulk,bulk,297793,297793,4213133,0.070682079108
10,1,4,3,3,bulk,bulk,528488,528488,4213133,0.125438242752
10,1,4,3,5,bulk,bulk,610138,610138,4213133,0.144818119912
10,1,4,3,7,bulk,bulk,470373,470373,4213133,0.111644469804
10,1,4,3,9,bulk,edge,372071,372071,4213133,0.088312189527
10,1,4,4,4,bulk,bulk,343805,343805,4213133,0.081603167999
10,2,0,2,1,edge,bulk,1549574,1549574,4213133,0.367796127015
10,2,0,2,3,edge,bulk,819074,819074,4213133,0.194409718373
10,2,0,2,5,edge,bulk,509922,509922,4213133,0.121031545883
10,2,0,2,7,edge,bulk,346657,346657,4213133,0.082280098919
10,2,0,2,9,edge,edge,266414,266414,4213133,0.063234177511
10,2,0,3,0,edge,edge,1923727,1923727,4213133,0.456602485609
10,2,0,3,2,edge,bulk,999238,999238,4213133,0.237172194659
10,2,0,3,4,edge,bulk,581958,581958,4213133,0.138129510747
10,2,0,3,6,edge,bulk,345341,345341,4213133,0.081967742295
10,2,0,3,8,edge,bulk,185824,185824,4213133,0.044105894592
10,2,1,2,2,bulk,bulk,785396,785396,4213133,0.186416142097
10,2,1,2,4,bulk,bulk,412912,412912,4213133,0.098005925756
10,2,1,2,6,bulk,bulk,241521,241521,4213133,0.057325747846
10,2,1,2,8,bulk,bulk,129759,129759,4213133,0.030798695413
10,2,1,3,1,bulk,bulk,1068421,1068421,4213133,0.253592991249
10,2,1,3,3,bulk,bulk,570796,570796,4213133,0.135480175917
10,2,1,3,5,bulk,bulk,355607,355607,4213133,0.084404408786
10,2,1,3,7,bulk,bulk,241773,241773,4213133,0.057385560817
10,2,2,2,3,bulk,bulk,1247574,1247574,4213133,0.296115503593
10,2,2,2,5,bulk,bulk,692311,692311,4213133,0.164322132722
10,2,2,2,7,bulk,bulk,455411,455411,4213133,0.108093193355
10,2,2,3,2,bulk,bulk,1534587,1534587,4213133,0.364238916740
10,2,2,3,4,bulk,bulk,802533,802533,4213133,0.190483661446
10,2,2,3,6,bulk,bulk,455677,455677,4213133,0.108156329269
10,2,3,2,4,bulk,bulk,923617,923617,4213133,0.219223319083
10,2,3,2,6,bulk,bulk,466975,466975,4213133,0.110837944114
10,2,3,3,3,bulk,bulk,1275778,1275778,4213133,0.302809809232
10,2,3,3,5,bulk,bulk,701719,701719,4213133,0.166555150288
10,2,4,2,5,bulk,bulk,1190031,1190031,4213133,0.282457496595
10,2,4,3,4,bulk,bulk,1392698,1392698,4213133,0.330561128737
