nl,count,truth_mask,anf_mask,degree,weight,W0,acmax_nonneq,truth_hex,anf_hex,walsh_abs_multiset
0,4,0,0,-1,0,128,128,00000000000000000000000000000000,00000000000000000000000000000000,"{0: 127, 128: 1}"
1,8,524288,524288,7,1,126,124,00000000000000000000000000000080,00000000000000000000000000000080,"{2: 127, 126: 1}"
2,4,833836,524284,6,64,0,128,689696699669699696696996699696e9,e8fefefffefffffffeffffffffffff7f,"{0: 64, 4: 63, 124: 1}"
7,72,262144,786432,7,7,114,108,00000000000000800000008000808068,000000000000008000000080008080e8,"{2: 70, 6: 42, 10: 14, 14: 1, 114: 1}"
8,144,786432,262144,6,8,112,104,000000000000008000000080008080e8,00000000000000800000008000808068,"{0: 35, 4: 56, 8: 28, 12: 8, 112: 1}"
9,72,833832,556088,7,57,14,100,208696689669689694696996689696e9,a046b6b8b64748471ced1d12e2121d92,"{2: 70, 6: 28, 10: 28, 14: 1, 110: 1}"
14,612,393216,393216,6,14,100,88,0000000000008088000000a800e0c068,0000000000008088000000a800e0c068,"{0: 29, 4: 49, 8: 28, 12: 14, 16: 7, 100: 1}"
15,1224,917504,917504,7,15,98,92,0000000000008088000000a800e0c0e8,0000000000008088000000a800e0c0e8,"{2: 57, 6: 42, 10: 14, 14: 7, 18: 7, 98: 1}"
16,612,833824,437472,6,50,28,88,008286689468689690696896689696e9,002ae624bc7eb28e704d7ebd24e7d468,"{0: 28, 4: 49, 8: 28, 12: 14, 16: 7, 28: 1, 96: 1}"
21,3264,458752,983040,7,21,86,76,00000000008080a8000080e800e8e06c,00000000008080a8000080e800e8e0ec,"{2: 56, 6: 28, 10: 28, 14: 8, 22: 7, 86: 1}"
22,6528,983040,458752,6,22,84,80,00000000008080a8000080e800e8e0ec,00000000008080a8000080e800e8e06c,"{0: 35, 4: 42, 8: 21, 12: 21, 16: 1, 24: 7, 84: 1}"
23,3264,833792,784640,7,43,42,84,008080688068689680686896689696e9,008080e880e8e87e80e8e87ee87e7e97,"{2: 56, 6: 56, 18: 7, 22: 7, 42: 1, 82: 1}"
28,12240,491520,98304,5,28,72,72,0000000000a8a0a80000e0ec00ece06c,0000000000a820200000e044000c2004,"{0: 50, 8: 56, 16: 14, 24: 7, 72: 1}"
29,24480,1015808,622592,7,29,70,76,0000000000a8a0a80000e0ec00ece0ec,0000000000a820200000e044000c2084,"{2: 50, 6: 42, 10: 14, 14: 7, 18: 7, 26: 7, 70: 1}"
30,12240,833536,456704,6,36,56,80,000080288068688600686896609694e8,000080a88068e8ce00e868bee0f6dc7a,"{0: 21, 4: 49, 8: 35, 12: 7, 16: 7, 20: 7, 56: 1, 68: 1}"
35,33264,507904,638976,7,35,58,60,0000008000a8a0e80080e0ec80ece87e,0000008000a820600080e044800c2896,"{2: 49, 6: 21, 10: 42, 14: 8, 30: 7, 58: 1}"
36,66528,1032192,114688,5,36,56,64,0000008000a8a0e80080e0ec80ece8fe,0000008000a820600080e044800c2816,"{0: 49, 8: 63, 16: 8, 32: 7, 56: 1}"
37,33264,849920,964608,7,43,42,60,000080a8806868c600e86896e0969cfa,000080288068e88e006868be60f6d4e8,"{2: 42, 6: 49, 10: 14, 14: 7, 18: 7, 26: 7, 42: 1, 54: 1}"
42,64512,516096,434176,6,42,44,56,000000a080a8a0ec00c0e8ec80eef87e,000000208028a08c004068ac00e6d068,"{0: 22, 4: 42, 8: 28, 12: 21, 16: 7, 32: 7, 44: 1}"
43,129024,1040384,958464,7,43,42,60,000000a080a8a0ec00c0e8ec80eef8fe,000000208028a08c004068ac00e6d0e8,"{2: 43, 6: 42, 10: 21, 14: 14, 34: 7, 42: 1}"
44,64512,980992,309248,6,50,28,72,000080a88068e8ce00e868bee0f6dcfa,00008028806868860068689660969468,"{0: 14, 4: 49, 8: 35, 12: 14, 16: 7, 28: 1, 32: 7, 40: 1}"
45,280,1046528,899072,7,57,14,100,000080a880e8e8ee00e8e8fee0fefcfe,0000802880e868a60068e8d6609eb4ec,"{2: 56, 6: 28, 10: 28, 14: 8, 26: 1, 38: 7}"
46,1820,1044480,192512,5,50,28,72,000000a880a8e8ec00e0e8eec0fef8fe,000000a88028e84c00e0682ec0765812,"{4: 84, 12: 36, 28: 1, 36: 7}"
47,5600,520192,716800,7,49,30,68,000000a880a8e8ec00e0e8eec0fef87e,000000a88028e84c00e0682ec0765892,"{2: 42, 6: 42, 10: 14, 14: 22, 30: 1, 34: 7}"
48,12460,1010688,394240,6,50,28,72,0000a0a0a0c680ee00cc9cf8a0eafcfe,0000200020068088000414a800e0c068,"{0: 14, 4: 49, 8: 28, 12: 14, 16: 15, 28: 1, 32: 7}"
49,100968,260096,636928,7,49,30,68,000080a880e8e86e00e8e87ee07e7c16,0000802880e868260068e856601e3484,"{2: 35, 6: 35, 10: 14, 14: 29, 18: 7, 26: 7, 30: 1}"
50,176344,784384,112640,5,50,28,72,000080a880e8e86e00e8e87ee07e7c96,0000802880e868260068e856601e3404,"{4: 70, 12: 43, 20: 7, 28: 8}"
51,118440,785408,578560,7,57,14,44,0000a0a8a0eee86e00ecfc7ee07e7c96,00002088202e684000a47406c0140892,"{2: 50, 6: 21, 10: 21, 14: 15, 18: 7, 22: 7, 26: 7}"
52,70000,261120,54272,5,56,16,40,0000a0a8a0eee86e00ecfc7ee07e7c16,00002088202e684000a47406c0140812,"{0: 50, 8: 42, 16: 22, 24: 14}"
53,48720,720384,720384,7,57,14,28,0000a8aae06eec4e00fe7c3ef0765c92,0000a8aae06eec4e00fe7c3ef0765c92,"{2: 36, 6: 14, 10: 35, 14: 22, 18: 14, 22: 7}"
54,23940,720640,524032,6,64,0,24,0080a8eae06eec5e80fe7c3ef8765e93,0080a8eae0eeecfe80fefcfef8fefe7f,"{0: 36, 4: 28, 12: 22, 16: 28, 20: 14}"
55,22344,718592,571136,7,57,14,20,008028eae02eec5c80f67c2ed8765a93,0080286ae02e6c1480767c0658161281,"{2: 64, 14: 36, 18: 28}"
56,11788,194304,46848,4,56,16,16,008028eae02eec5c80f67c2ed8765a13,0080286ae02e6c1480767c0658161201,"{0: 64, 16: 64}"
